Assembly	# contigs (>= 0 bp)	# contigs (>= 1000 bp)	# contigs (>= 5000 bp)	# contigs (>= 10000 bp)	# contigs (>= 25000 bp)	# contigs (>= 50000 bp)	Total length (>= 0 bp)	Total length (>= 1000 bp)	Total length (>= 5000 bp)	Total length (>= 10000 bp)	Total length (>= 25000 bp)	Total length (>= 50000 bp)	# contigs	Largest contig	Total length	Reference length	GC (%)	Reference GC (%)	N50	NG50	N75	NG75	L50	LG50	L75	LG75	# misassemblies	# misassembled contigs	Misassembled contigs length	# local misassemblies	# unaligned mis. contigs	# unaligned contigs	Unaligned length	Genome fraction (%)	Duplication ratio	# N's per 100 kbp	# mismatches per 100 kbp	# indels per 100 kbp	Largest alignment	Total aligned length	NA50	NGA50	NA75	NGA75	LA50	LGA50	LA75	LGA75
k102_ecoli_20X_1-contigs	1951	1281	233	25	0	0	4576638	4237143	1716611	313609	0	0	1586	20289	4463592	4641652	50.76	50.79	3938	3800	2316	2116	351	374	717	777	0	0	0	2	0	0 + 0 part	0	95.708	1.005	0.00	0.70	0.07	20289	4463587	3938	3800	2316	2116	351	374	717	777
k108_ecoli_20X_1-contigs	1815	1226	236	43	0	0	4573742	4262330	1831289	532689	0	0	1525	17205	4484580	4641652	50.75	50.79	4121	3966	2406	2277	327	346	679	729	0	0	0	1	0	0 + 0 part	0	96.108	1.005	0.00	0.63	0.00	17205	4484362	4121	3966	2406	2277	327	346	679	729
k114_ecoli_20X_1-contigs	3449	1631	55	0	0	0	4461146	3484419	330849	0	0	0	2564	8959	4163473	4641652	50.76	50.79	2005	1818	1253	1003	654	778	1310	1628	1	1	2277	2	0	0 + 0 part	0	89.190	1.006	0.00	1.35	0.00	8959	4163198	2003	1815	1253	1002	654	779	1310	1629
k120_ecoli_20X_1-contigs	5903	1062	0	0	0	0	4019140	1587345	0	0	0	0	3205	4654	3090126	4641652	50.74	50.79	1023	722	723	-	1021	1929	1925	-	2	2	1136	2	0	0 + 0 part	0	66.255	1.005	0.00	1.82	0.00	4654	3090090	1023	722	723	-	1021	1929	1925	-
k126_ecoli_20X_1-contigs	6437	131	0	0	0	0	2714757	158363	0	0	0	0	1592	2815	1107251	4641652	50.91	50.79	677	-	572	-	628	-	1075	-	1	1	654	2	0	0 + 0 part	0	23.807	1.002	0.00	2.81	0.09	2815	1107215	677	-	572	-	628	-	1075	-
k30_ecoli_20X_1-contigs	1389	499	301	154	30	1	4577180	4477637	3936958	2833504	1016917	50557	540	50557	4508643	4641652	50.74	50.79	12629	12277	7899	7547	103	108	216	229	0	0	0	0	0	0 + 0 part	0	97.048	1.001	0.78	0.24	0.02	50557	4508643	12629	12277	7899	7547	103	108	216	229
k36_ecoli_20X_1-contigs	1136	465	290	164	28	4	4578977	4491695	4029023	3082334	1004769	246117	503	86055	4520006	4641652	50.75	50.79	14409	13981	8635	8237	96	100	197	208	0	0	0	0	0	0 + 0 part	0	97.279	1.001	0.24	0.60	0.02	86055	4520006	14409	13981	8635	8237	96	100	197	208
k42_ecoli_20X_1-contigs	923	421	269	163	33	4	4580017	4510007	4104613	3308073	1289942	266224	448	99663	4530559	4641652	50.75	50.79	16167	15737	9601	9139	81	85	173	182	0	0	0	0	0	0 + 0 part	0	97.499	1.001	0.22	0.64	0.02	99663	4530559	16167	15737	9601	9139	81	85	173	182
k48_ecoli_20X_1-contigs	858	435	265	165	33	5	4580382	4511201	4063086	3328165	1218706	266592	463	57454	4532882	4641652	50.75	50.79	16871	16402	9370	8898	83	87	173	182	0	0	0	0	0	0 + 0 part	0	97.547	1.001	0.00	0.29	0.00	57454	4532882	16871	16402	9370	8898	83	87	173	182
k54_ecoli_20X_1-contigs	765	407	262	168	32	4	4580269	4515405	4123133	3434202	1223927	257318	434	85748	4535856	4641652	50.75	50.79	17891	17270	10434	9581	82	85	165	173	0	0	0	1	0	0 + 0 part	0	97.620	1.001	0.00	0.51	0.00	85748	4535856	17891	17270	10434	9581	82	85	165	173
k60_ecoli_20X_1-contigs	717	393	257	165	44	4	4581923	4520934	4171365	3482417	1556966	249698	418	78977	4539339	4641652	50.75	50.79	19288	18393	10446	10048	78	81	158	165	0	0	0	1	0	0 + 0 part	0	97.697	1.001	0.00	0.57	0.00	78977	4539339	19288	18393	10446	10048	78	81	158	165
k66_ecoli_20X_1-contigs	650	347	237	161	50	6	4583407	4524262	4229922	3665415	1873496	368307	370	81343	4541194	4641652	50.75	50.79	21611	21203	11647	11031	68	70	137	144	0	0	0	1	0	0 + 0 part	0	97.762	1.001	0.00	0.86	0.00	81343	4541194	21611	21203	11647	11031	68	70	137	144
k72_ecoli_20X_1-contigs	640	348	232	161	46	8	4587805	4529481	4213691	3687312	1873368	509266	368	81343	4544087	4641652	50.75	50.79	20620	20154	12342	11635	64	67	136	142	0	0	0	1	0	0 + 0 part	0	97.806	1.001	0.00	0.88	0.00	81343	4544087	20620	20154	12342	11635	64	67	136	142
k78_ecoli_20X_1-contigs	707	418	282	167	38	1	4589144	4523212	4154699	3308141	1316978	60971	444	60971	4542701	4641652	50.75	50.79	16496	16173	9445	8985	85	88	178	186	0	0	0	1	0	0 + 0 part	0	97.757	1.001	0.00	0.51	0.00	60971	4542701	16496	16173	9445	8985	85	88	178	186
k84_ecoli_20X_1-contigs	866	579	315	158	22	0	4588128	4502298	3782021	2632133	689891	0	632	39367	4542203	4641652	50.75	50.79	11189	11060	6718	6493	124	129	252	263	0	0	0	1	0	0 + 0 part	0	97.682	1.002	0.00	0.49	0.00	39367	4542203	11189	11060	6718	6493	124	129	252	263
k90_ecoli_20X_1-contigs	1025	723	332	129	7	0	4593643	4486580	3412448	1943032	213083	0	797	37775	4541839	4641652	50.75	50.79	8915	8569	5012	4666	164	170	331	347	0	0	0	1	0	0 + 0 part	0	97.579	1.003	0.00	0.38	0.00	37775	4541839	8915	8569	5012	4666	164	170	331	347
k96_ecoli_20X_1-contigs	1376	973	306	71	3	0	4590644	4411504	2673085	1001965	89150	0	1122	37775	4522877	4641652	50.75	50.79	6128	5962	3451	3261	233	242	481	507	0	0	0	1	0	0 + 0 part	0	97.075	1.004	0.00	0.42	0.00	37775	4522875	6128	5962	3451	3261	233	242	481	507
k102_ecoli_50X_1-contigs	216	87	67	62	47	28	4604619	4576348	4528680	4492309	4262969	3623133	91	327155	4579197	4641652	50.75	50.79	125655	125655	63680	63321	13	13	25	26	0	0	0	0	0	0 + 0 part	0	98.532	1.001	0.00	0.92	0.00	327155	4579197	125655	125655	63680	63321	13	13	25	26
k108_ecoli_50X_1-contigs	212	88	67	62	47	30	4606475	4578020	4526500	4488944	4250398	3653533	93	327167	4581399	4641652	50.75	50.79	122623	122623	63327	63327	14	14	27	27	0	0	0	0	0	0 + 0 part	0	98.545	1.002	0.00	0.70	0.00	327167	4581399	122623	122623	63327	63327	14	14	27	27
k114_ecoli_50X_1-contigs	216	94	72	66	50	32	4603997	4572755	4518047	4469735	4208064	3577530	102	327179	4578778	4641652	50.75	50.79	110109	110109	54974	51612	15	15	30	31	0	0	0	0	0	0 + 0 part	0	98.521	1.001	0.00	0.66	0.00	327179	4578778	110109	110109	54974	51612	15	15	30	31
k120_ecoli_50X_1-contigs	240	127	97	82	57	36	4597460	4569649	4490544	4383420	3981754	3212454	131	207006	4572762	4641652	50.75	50.79	75644	75109	40666	40288	21	22	42	43	1	1	77440	0	0	0 + 0 part	0	98.428	1.001	0.00	0.22	0.00	207006	4572762	75109	74248	40666	40288	21	22	42	43
k126_ecoli_50X_1-contigs	455	342	242	162	52	4	4590577	4552956	4249740	3664600	1955744	282813	363	99907	4567334	4641652	50.74	50.79	21105	21075	11682	11383	67	68	140	145	2	2	21495	1	0	0 + 0 part	0	98.242	1.002	12.81	1.38	0.59	99907	4567329	21105	21075	11492	10979	67	68	141	146
k36_ecoli_50X_1-contigs	704	234	179	131	61	20	4585022	4531579	4389547	4033314	2927366	1420673	250	162347	4543339	4641652	50.75	50.79	35724	35414	17191	16202	41	42	84	89	1	1	74849	1	0	0 + 0 part	0	97.766	1.001	0.57	0.64	0.07	162347	4543339	35724	35414	17161	15973	41	42	85	90
k42_ecoli_50X_1-contigs	515	169	132	107	66	29	4589507	4548044	4459227	4277309	3633047	2314046	179	166089	4555473	4641652	50.75	50.79	51156	48753	30795	27072	29	30	58	61	1	1	74940	0	0	0 + 0 part	0	98.005	1.001	0.18	1.01	0.09	166089	4555473	51156	48753	29656	27072	29	30	59	61
k48_ecoli_50X_1-contigs	444	133	100	86	57	32	4592530	4553777	4469869	4366209	3905506	2999081	138	269695	4557608	4641652	50.75	50.79	65354	63572	39495	36306	20	21	42	44	0	0	0	1	0	0 + 0 part	0	98.041	1.002	0.02	1.47	0.04	269695	4557608	65354	63572	39495	36306	20	21	42	44
k54_ecoli_50X_1-contigs	376	119	92	79	57	32	4592493	4556080	4485634	4390282	4039953	3168806	125	269707	4560094	4641652	50.76	50.79	77805	77805	41094	40228	18	18	38	40	0	0	0	1	0	0 + 0 part	0	98.107	1.001	0.00	1.54	0.04	269707	4560094	77805	77805	41094	40228	18	18	38	40
k60_ecoli_50X_1-contigs	351	114	88	75	53	32	4594957	4559126	4491121	4394498	4040160	3298039	121	327070	4563790	4641652	50.75	50.79	95949	80668	44475	41287	16	17	35	37	0	0	0	1	0	0 + 0 part	0	98.203	1.001	0.00	1.43	0.07	327070	4563790	95949	80668	44475	41287	16	17	35	37
k66_ecoli_50X_1-contigs	329	110	84	72	52	33	4596316	4560333	4492051	4400607	4082608	3410997	116	327082	4564862	4641652	50.76	50.79	95468	83339	48801	46257	16	17	34	35	0	0	0	1	0	0 + 0 part	0	98.212	1.001	0.00	1.05	0.02	327082	4564862	95468	83339	48801	46257	16	17	34	35
k72_ecoli_50X_1-contigs	321	108	83	72	52	33	4602483	4565405	4497608	4414083	4094827	3412645	113	327095	4569326	4641652	50.76	50.79	95481	83345	48813	46269	16	17	34	35	0	0	0	1	0	0 + 0 part	0	98.304	1.001	0.00	1.51	0.02	327095	4569326	95481	83345	48813	46269	16	17	34	35
k78_ecoli_50X_1-contigs	308	103	81	72	52	32	4605301	4567148	4509037	4438520	4121785	3419308	109	327737	4571584	4641652	50.76	50.79	95493	82952	48825	46331	15	16	33	34	0	0	0	0	0	0 + 0 part	0	98.353	1.001	0.00	1.42	0.00	327737	4571584	95493	82952	48825	46331	15	16	33	34
k84_ecoli_50X_1-contigs	283	100	79	72	52	32	4605216	4569112	4516921	4463266	4137214	3420476	107	327743	4573918	4641652	50.75	50.79	95505	82958	48837	46293	15	16	33	34	0	0	0	0	0	0 + 0 part	0	98.427	1.001	0.00	1.55	0.00	327743	4573918	95505	82958	48837	46293	15	16	33	34
k90_ecoli_50X_1-contigs	255	97	77	70	53	32	4603773	4572817	4522734	4469118	4192606	3459805	101	327749	4575738	4641652	50.75	50.79	97810	97810	53822	48851	15	15	32	33	0	0	0	0	0	0 + 0 part	0	98.477	1.001	0.00	1.71	0.00	327749	4575738	97810	97810	53822	48851	15	15	32	33
k96_ecoli_50X_1-contigs	233	93	72	64	48	30	4603732	4574674	4524143	4461159	4205305	3597374	96	327143	4576887	4641652	50.75	50.79	112422	112422	58080	58080	14	14	28	28	0	0	0	0	0	0 + 0 part	0	98.505	1.001	0.00	0.92	0.00	327143	4576887	112422	112422	58080	58080	14	14	28	28
k102_ecoli_100X_1-contigs	180	80	63	57	48	27	4636749	4613313	4565172	4521705	4385827	3684517	84	327797	4616162	4641652	50.76	50.79	133971	133971	64353	64353	12	12	24	24	0	0	0	0	0	0 + 0 part	0	98.905	1.006	0.00	2.51	0.04	327797	4616162	133971	133971	64353	64353	12	12	24	24
k108_ecoli_100X_1-contigs	174	77	62	56	47	28	4635881	4612196	4567514	4524088	4388704	3742240	82	327767	4615575	4641652	50.76	50.79	133971	133971	64353	64353	12	12	24	24	0	0	0	0	0	0 + 0 part	0	98.895	1.005	0.00	2.48	0.04	327767	4615575	133971	133971	64353	64353	12	12	24	24
k114_ecoli_100X_1-contigs	167	75	60	55	46	28	4635730	4611258	4567019	4531447	4395868	3779408	81	327773	4615556	4641652	50.76	50.79	133971	133971	68593	64353	12	12	23	24	0	0	0	0	0	0 + 0 part	0	98.894	1.005	0.00	1.61	0.00	327773	4615556	133971	133971	68593	64353	12	12	23	24
k120_ecoli_100X_1-contigs	157	73	59	54	45	29	4635181	4613325	4571240	4535662	4399933	3846599	76	327779	4615694	4641652	50.76	50.79	133971	133971	68599	66775	12	12	23	24	0	0	0	0	0	0 + 0 part	0	98.901	1.005	0.00	2.55	0.07	327779	4615694	133971	133971	68599	66775	12	12	23	24
k126_ecoli_100X_1-contigs	154	73	59	54	45	29	4633143	4611063	4567921	4532337	4396353	3845623	76	327785	4613432	4641652	50.76	50.79	133873	133873	68605	66781	12	12	23	24	0	0	0	0	0	0 + 0 part	0	98.895	1.005	0.00	2.59	0.07	327785	4613432	133873	133873	68605	66781	12	12	23	24
k30_ecoli_100X_1-contigs	574	149	111	96	57	27	4600795	4559642	4456040	4334604	3712159	2619431	158	269785	4565822	4641652	50.76	50.79	58688	57958	33607	31903	21	22	47	49	0	0	0	2	0	0 + 0 part	0	98.022	1.004	9.66	2.18	0.26	269785	4565434	58688	57958	33607	31903	21	22	47	49
k36_ecoli_100X_1-contigs	435	129	101	83	54	32	4607285	4569436	4494389	4355495	3903838	3083659	141	270096	4578188	4641652	50.77	50.79	74998	73690	42312	42262	19	20	40	41	0	0	0	5	0	0 + 0 part	0	98.253	1.004	1.16	3.05	0.24	270096	4578188	74998	73690	42312	42262	19	20	40	41
k42_ecoli_100X_1-contigs	376	119	91	81	57	31	4617624	4586981	4510894	4436208	4058454	3130179	126	270194	4591915	4641652	50.77	50.79	82877	82877	42318	42262	18	18	38	39	0	0	0	4	0	0 + 0 part	0	98.505	1.004	0.00	2.87	0.20	270194	4591915	82877	82877	42318	42262	18	18	38	39
k48_ecoli_100X_1-contigs	339	109	88	77	54	30	4621162	4591434	4533092	4446325	4085832	3222934	114	270060	4595065	4641652	50.77	50.79	96181	95861	44790	42324	16	17	35	36	0	0	0	2	0	0 + 0 part	0	98.575	1.004	0.00	1.90	0.11	270060	4595065	96181	95861	44790	42324	16	17	35	36
k54_ecoli_100X_1-contigs	295	103	85	74	53	32	4623081	4595244	4546923	4462920	4138986	3401730	108	270460	4598411	4641652	50.77	50.79	95957	95906	48889	48252	16	17	33	34	0	0	0	1	0	0 + 0 part	0	98.613	1.005	0.02	1.99	0.11	270460	4598411	95957	95906	48889	48252	16	17	33	34
k60_ecoli_100X_1-contigs	284	98	80	69	51	32	4628369	4599433	4550881	4466571	4191062	3517149	104	328378	4603535	4641652	50.77	50.79	106366	106366	53796	53764	15	15	31	32	0	0	0	1	0	0 + 0 part	0	98.698	1.005	0.00	1.90	0.07	328378	4603535	106366	106366	53796	53764	15	15	31	32
k66_ecoli_100X_1-contigs	264	97	78	68	51	32	4628447	4599865	4547044	4467613	4213355	3540432	103	327790	4604394	4641652	50.77	50.79	106378	106378	53927	53927	15	15	31	31	0	0	0	1	0	0 + 0 part	0	98.733	1.005	0.00	1.99	0.02	327790	4604394	106378	106378	53927	53927	15	15	31	31
k72_ecoli_100X_1-contigs	257	92	74	64	50	31	4634937	4604631	4551776	4471748	4256989	3596539	97	327796	4608552	4641652	50.78	50.79	113967	112701	58833	58833	14	15	29	29	0	0	0	1	0	0 + 0 part	0	98.828	1.005	0.00	2.22	0.02	327796	4608552	113967	112701	58833	58833	14	15	29	29
k78_ecoli_100X_1-contigs	242	90	74	65	51	32	4634528	4604129	4556604	4486288	4267863	3625618	96	327797	4608565	4641652	50.77	50.79	113390	106402	58833	58233	14	15	29	30	0	0	0	0	0	0 + 0 part	0	98.835	1.005	0.00	1.83	0.00	327797	4608565	113390	106402	58833	58233	14	15	29	30
k84_ecoli_100X_1-contigs	225	89	72	65	51	32	4632976	4604178	4556104	4500815	4275204	3624172	96	327797	4608984	4641652	50.78	50.79	113390	106417	58239	58239	14	15	30	30	0	0	0	0	0	0 + 0 part	0	98.883	1.004	0.00	1.92	0.02	327797	4608984	113390	106417	58239	58239	14	15	30	30
k90_ecoli_100X_1-contigs	208	86	70	63	49	29	4637918	4611132	4567227	4515004	4292636	3617169	91	327797	4615047	4641652	50.77	50.79	124104	124104	59186	59186	13	13	27	27	0	0	0	0	0	0 + 0 part	0	98.916	1.005	0.00	1.89	0.00	327797	4615047	124104	124104	59186	59186	13	13	27	27
k96_ecoli_100X_1-contigs	191	86	69	62	49	30	4638799	4615102	4567215	4515820	4304690	3663466	89	327755	4617315	4641652	50.77	50.79	125806	125806	59186	59186	14	14	27	27	0	0	0	0	0	0 + 0 part	0	98.908	1.006	0.00	2.53	0.04	327755	4617315	125806	125806	59186	59186	14	14	27	27
k102_ecoli_200X_1-contigs	172	79	63	57	48	27	4639825	4617833	4570268	4526349	4389893	3685104	83	327797	4620682	4641652	50.77	50.79	133966	133966	64353	64353	12	12	24	24	0	0	0	0	0	0 + 0 part	0	99.002	1.006	0.00	2.50	0.04	327797	4620682	133966	133966	64353	64353	12	12	24	24
k108_ecoli_200X_1-contigs	164	77	62	56	47	28	4639816	4618806	4572776	4528904	4392430	3744552	81	327797	4621396	4641652	50.77	50.79	133966	133966	64353	64353	12	12	24	24	0	0	0	0	0	0 + 0 part	0	99.021	1.005	0.00	2.48	0.04	327797	4621396	133966	133966	64353	64353	12	12	24	24
k114_ecoli_200X_1-contigs	156	72	60	54	47	28	4640940	4618260	4583486	4541269	4444072	3782257	78	327797	4622558	4641652	50.77	50.79	133966	133966	69113	69113	12	12	23	23	0	0	0	0	0	0 + 0 part	0	99.049	1.005	0.00	1.61	0.00	327797	4622558	133966	133966	69113	69113	12	12	23	23
k120_ecoli_200X_1-contigs	151	70	59	53	46	29	4639073	4617909	4586253	4544550	4447856	3848778	73	327797	4620278	4641652	50.76	50.79	133966	133966	69113	69113	12	12	23	23	0	0	0	0	0	0 + 0 part	0	98.999	1.005	0.00	2.55	0.04	327797	4620278	133966	133966	69113	69113	12	12	23	23
k126_ecoli_200X_1-contigs	147	70	59	53	46	29	4638473	4617418	4584961	4543252	4446391	3847502	73	327797	4619787	4641652	50.76	50.79	133966	133966	68605	66781	12	12	23	24	0	0	0	0	0	0 + 0 part	0	98.966	1.006	0.00	2.59	0.07	327797	4619787	133966	133966	68605	66781	12	12	23	24
k30_ecoli_200X_1-contigs	512	133	102	88	57	31	4601573	4563727	4478018	4364121	3878330	2940234	142	269785	4569907	4641652	50.76	50.79	59920	59595	38549	35895	20	21	43	44	0	0	0	3	0	0 + 0 part	0	98.119	1.003	8.03	3.32	0.31	269785	4569612	59920	59595	38549	35895	20	21	43	44
k36_ecoli_200X_1-contigs	397	113	94	78	58	33	4607774	4573471	4522898	4399867	4091645	3172499	123	270096	4580815	4641652	50.77	50.79	77978	74787	42502	42346	19	20	39	40	0	0	0	6	0	0 + 0 part	0	98.320	1.004	0.81	3.35	0.24	270096	4580815	77978	74787	42502	42346	19	20	39	40
k42_ecoli_200X_1-contigs	339	105	85	76	55	32	4617605	4589181	4534698	4464851	4136372	3281598	112	270194	4594115	4641652	50.77	50.79	95807	88456	45839	45418	17	18	36	37	0	0	0	6	0	0 + 0 part	0	98.565	1.004	0.00	3.41	0.26	270194	4594115	95807	88456	45839	45418	17	18	36	37
k48_ecoli_200X_1-contigs	319	101	82	72	51	34	4621662	4593063	4542650	4465428	4138837	3527482	106	270060	4596694	4641652	50.77	50.79	96181	96181	53733	53709	16	16	33	34	0	0	0	3	0	0 + 0 part	0	98.604	1.004	0.00	2.05	0.13	270060	4596694	96181	96181	53733	53709	16	16	33	34
k54_ecoli_200X_1-contigs	279	96	79	69	53	34	4623781	4597146	4552546	4478355	4231872	3580790	101	270460	4600313	4641652	50.77	50.79	95957	95957	55882	53790	16	16	32	33	0	0	0	1	0	0 + 0 part	0	98.645	1.005	0.02	2.01	0.11	270460	4600313	95957	95957	55882	53790	16	16	32	33
k60_ecoli_200X_1-contigs	268	93	76	66	52	33	4629075	4601312	4556743	4482257	4264106	3610122	99	328378	4605414	4641652	50.77	50.79	106366	106366	55987	55987	15	15	31	31	0	0	0	1	0	0 + 0 part	0	98.725	1.005	0.00	1.94	0.07	328378	4605414	106366	106366	55987	55987	15	15	31	31
k66_ecoli_200X_1-contigs	253	92	74	66	53	33	4628741	4600837	4551936	4490305	4289951	3611662	98	327790	4605366	4641652	50.77	50.79	106378	106378	55993	55993	15	15	31	31	0	0	0	1	0	0 + 0 part	0	98.753	1.005	0.00	2.03	0.02	327790	4605366	106378	106378	55993	55993	15	15	31	31
k72_ecoli_200X_1-contigs	245	89	72	64	51	32	4635705	4606573	4557458	4495242	4293635	3655523	94	327796	4610494	4641652	50.78	50.79	113967	112701	58833	58833	14	15	29	29	0	0	0	1	0	0 + 0 part	0	98.869	1.005	0.00	2.24	0.02	327796	4610494	113967	112701	58833	58833	14	15	29	29
k78_ecoli_200X_1-contigs	234	88	72	64	52	32	4634232	4604845	4557039	4494665	4304338	3636532	94	327797	4609281	4641652	50.77	50.79	113390	113390	58833	58233	14	14	29	30	0	0	0	0	0	0 + 0 part	0	98.850	1.005	0.00	1.85	0.00	327797	4609281	113390	113390	58833	58233	14	14	29	30
k84_ecoli_200X_1-contigs	216	87	70	64	52	32	4632632	4605109	4556670	4509329	4318732	3635185	94	327797	4609915	4641652	50.78	50.79	113390	113390	58833	58239	14	14	29	30	0	0	0	0	0	0 + 0 part	0	98.902	1.004	0.00	1.92	0.02	327797	4609915	113390	113390	58833	58239	14	14	29	30
k90_ecoli_200X_1-contigs	194	81	66	60	51	29	4637082	4611961	4569477	4525050	4388725	3649848	86	327797	4615876	4641652	50.77	50.79	133670	133670	60310	59186	13	13	26	27	0	0	0	0	0	0 + 0 part	0	98.942	1.005	0.00	1.89	0.00	327797	4615876	133670	133670	60310	59186	13	13	26	27
k96_ecoli_200X_1-contigs	182	82	66	60	51	30	4639908	4617399	4570765	4526837	4390491	3685781	85	327797	4619612	4641652	50.77	50.79	133670	133670	59186	59186	14	14	27	27	0	0	0	0	0	0 + 0 part	0	98.963	1.006	0.00	2.53	0.04	327797	4619612	133670	133670	59186	59186	14	14	27	27
k102_ecoli_20X_2-contigs	1929	1259	234	29	0	0	4580579	4232722	1742683	361564	0	0	1594	20690	4481208	4641652	50.75	50.79	3975	3817	2334	2165	346	367	713	767	0	0	0	0	0	0 + 0 part	0	96.037	1.005	0.00	0.38	0.00	20690	4481152	3975	3817	2334	2165	346	367	713	767
k108_ecoli_20X_2-contigs	1851	1239	233	28	0	0	4580431	4262115	1741985	354333	0	0	1538	19128	4484966	4641652	50.74	50.79	4158	4015	2436	2251	344	363	690	740	0	0	0	1	0	0 + 0 part	0	96.082	1.006	0.00	0.63	0.00	19128	4484901	4158	4015	2436	2251	344	363	690	740
k114_ecoli_20X_2-contigs	3457	1660	48	0	0	0	4477933	3523043	298137	0	0	0	2560	9240	4171664	4641652	50.79	50.79	1999	1815	1257	1029	657	781	1311	1619	0	0	0	2	0	0 + 0 part	0	89.313	1.006	0.00	1.09	0.00	9240	4171576	1999	1815	1257	1029	657	781	1311	1619
k120_ecoli_20X_2-contigs	5900	1122	1	0	0	0	4049347	1663514	5033	0	0	0	3160	5033	3095205	4641652	50.80	50.79	1053	737	737	-	1010	1888	1889	-	0	0	0	1	0	0 + 0 part	0	66.339	1.005	1.52	2.66	0.16	5033	3094729	1053	737	737	-	1010	1889	1890	-
k126_ecoli_20X_2-contigs	6543	126	0	0	0	0	2730518	159660	0	0	0	0	1536	2957	1073961	4641652	50.85	50.79	683	-	570	-	601	-	1034	-	0	0	0	1	0	0 + 0 part	0	23.092	1.002	0.00	6.06	0.28	2957	1073422	683	-	570	-	602	-	1035	-
k30_ecoli_20X_2-contigs	1393	510	285	150	28	2	4576772	4477320	3865201	2856229	972205	111858	548	60637	4506136	4641652	50.74	50.79	13703	13297	7772	7383	99	104	209	223	0	0	0	0	0	0 + 0 part	0	96.992	1.001	1.93	0.76	0.02	60637	4506136	13703	13297	7772	7383	99	104	209	223
k36_ecoli_20X_2-contigs	1134	468	285	168	28	3	4578848	4490186	4015133	3149743	977259	181557	505	69681	4518750	4641652	50.75	50.79	15312	14855	8987	8504	96	101	194	204	0	0	0	0	0	0 + 0 part	0	97.251	1.001	0.27	0.75	0.02	69681	4518750	15312	14855	8987	8504	96	101	194	204
k42_ecoli_20X_2-contigs	930	425	269	170	38	6	4579813	4507826	4100596	3368828	1428326	330795	452	69340	4528748	4641652	50.75	50.79	16063	15943	9908	9589	82	86	173	182	0	0	0	0	0	0 + 0 part	0	97.457	1.001	0.24	0.88	0.02	69340	4528748	16063	15943	9908	9589	82	86	173	182
k48_ecoli_20X_2-contigs	847	430	265	179	37	2	4580601	4511671	4068845	3446115	1271610	123218	458	67302	4533300	4641652	50.75	50.79	16572	16452	10237	9700	88	91	175	183	0	0	0	0	0	0 + 0 part	0	97.556	1.001	0.33	0.86	0.00	67302	4533300	16572	16452	10237	9700	88	91	175	183
k54_ecoli_20X_2-contigs	770	414	270	174	39	1	4580833	4513068	4104931	3403150	1315910	53889	443	53889	4535963	4641652	50.75	50.79	16615	16319	10038	9613	87	90	174	182	0	0	0	0	0	0 + 0 part	0	97.613	1.001	0.00	0.79	0.00	53889	4535963	16615	16319	10038	9613	87	90	174	182
k60_ecoli_20X_2-contigs	703	384	255	165	47	4	4580967	4520162	4164641	3506922	1676869	236074	411	70769	4539847	4641652	50.75	50.79	17822	17502	10736	10384	76	78	156	163	0	0	0	0	0	0 + 0 part	0	97.713	1.001	0.00	0.99	0.00	70769	4539847	17822	17502	10736	10384	76	78	156	163
k66_ecoli_20X_2-contigs	655	356	233	165	49	8	4582673	4524809	4173981	3665230	1838938	470651	379	82205	4541725	4641652	50.75	50.79	20085	19829	12015	11403	69	71	142	148	0	0	0	0	0	0 + 0 part	0	97.770	1.001	0.00	1.06	0.00	82205	4541725	20085	19829	12015	11403	69	71	142	148
k72_ecoli_20X_2-contigs	658	365	245	177	42	6	4586555	4525615	4210204	3708972	1583639	354615	387	69064	4541898	4641652	50.75	50.79	19031	18677	11605	11030	73	76	149	156	0	0	0	0	0	0 + 0 part	0	97.758	1.001	0.00	0.73	0.00	69064	4541898	19031	18677	11605	11030	73	76	149	156
k78_ecoli_20X_2-contigs	725	438	281	177	37	1	4588604	4519780	4091472	3315156	1244213	61940	470	61940	4542790	4641652	50.75	50.79	15095	14955	9658	9345	92	95	187	195	0	0	0	0	0	0 + 0 part	0	97.747	1.001	0.00	0.09	0.00	61940	4542790	15095	14955	9658	9345	92	95	187	195
k84_ecoli_20X_2-contigs	886	589	317	167	16	0	4588057	4492943	3739040	2661356	480111	0	655	37186	4542066	4641652	50.75	50.79	11058	10996	6355	6040	131	135	259	271	0	0	0	0	0	0 + 0 part	0	97.671	1.002	0.00	0.24	0.00	37186	4541982	11058	10996	6355	6040	131	135	259	271
k90_ecoli_20X_2-contigs	1028	711	348	131	6	0	4591752	4473779	3502132	1942923	186382	0	801	35768	4542444	4641652	50.75	50.79	9055	8748	5293	5097	166	171	330	344	0	0	0	0	0	0 + 0 part	0	97.594	1.003	0.00	0.15	0.00	35768	4542444	9055	8748	5293	5097	166	171	330	344
k96_ecoli_20X_2-contigs	1385	972	306	75	1	0	4591106	4406467	2669441	1046478	32565	0	1128	32565	4524347	4641652	50.74	50.79	5937	5767	3399	3226	232	242	482	508	0	0	0	0	0	0 + 0 part	0	97.087	1.004	0.00	0.31	0.00	32565	4524347	5937	5767	3399	3226	232	242	482	508
k102_ecoli_50X_2-contigs	212	84	65	60	50	29	4604521	4576231	4528391	4490329	4342044	3632273	88	327761	4579080	4641652	50.73	50.79	125723	125723	63680	58759	14	14	26	27	1	1	32285	0	0	0 + 0 part	0	98.500	1.002	0.00	0.87	0.00	327761	4579080	125723	125723	63680	58759	14	14	26	27
k108_ecoli_50X_2-contigs	211	81	64	58	48	29	4602417	4572370	4532474	4489114	4340371	3687794	87	327767	4576323	4641652	50.73	50.79	129490	129490	63692	58765	13	13	25	26	2	2	321711	0	0	0 + 0 part	0	98.462	1.001	0.00	0.85	0.04	327767	4576323	125729	125729	63692	58765	14	14	26	27
k114_ecoli_50X_2-contigs	213	87	67	62	50	32	4606329	4574009	4531712	4496192	4314714	3703647	96	248969	4580425	4641652	50.74	50.79	124075	124075	63333	62459	15	15	28	29	1	1	32297	0	0	0 + 0 part	0	98.545	1.001	0.00	0.72	0.00	248969	4580425	124075	124075	63333	62459	15	15	28	29
k120_ecoli_50X_2-contigs	223	118	92	83	57	32	4602566	4576125	4514703	4439350	4010583	3136771	123	210724	4579435	4641652	50.74	50.79	70588	69490	40988	40842	19	20	39	40	1	1	32303	0	0	0 + 0 part	0	98.530	1.001	0.00	0.70	0.00	210724	4579435	70588	69490	40988	40842	19	20	39	40
k126_ecoli_50X_2-contigs	452	340	240	156	62	9	4600869	4566663	4277025	3681582	2288816	570847	353	82941	4576350	4641652	50.74	50.79	25012	24928	11292	10957	62	64	133	137	3	3	148820	0	0	0 + 0 part	0	98.386	1.002	15.78	0.77	0.57	82941	4576348	24928	23563	11292	10915	64	66	135	140
k36_ecoli_50X_2-contigs	709	234	171	135	64	20	4585822	4532754	4368528	4087274	2901135	1385390	248	138271	4543283	4641652	50.76	50.79	33111	32977	18223	17282	43	44	88	92	0	0	0	0	0	0 + 0 part	0	97.782	1.001	0.42	2.03	0.04	138271	4543283	33111	32977	18223	17282	43	44	88	92
k42_ecoli_50X_2-contigs	544	173	127	104	64	30	4586830	4544156	4427957	4247819	3570256	2358495	181	143955	4550213	4641652	50.75	50.79	53560	51156	28490	26984	29	30	59	61	0	0	0	0	0	0 + 0 part	0	97.976	1.001	0.02	1.06	0.02	143955	4550213	53560	51156	28490	26984	29	30	59	61
k48_ecoli_50X_2-contigs	462	142	104	87	59	31	4596650	4557202	4461827	4323823	3861398	2844923	147	269973	4561176	4641652	50.75	50.79	60121	60121	35748	33493	22	22	45	47	0	0	0	0	0	0 + 0 part	0	98.162	1.001	0.00	0.86	0.04	269973	4561176	60121	60121	35748	33493	22	22	45	47
k54_ecoli_50X_2-contigs	400	124	94	81	58	32	4596978	4558344	4483172	4377815	4001673	3072482	130	270373	4562501	4641652	50.75	50.79	67326	65367	41275	39095	19	20	40	42	0	0	0	0	0	0 + 0 part	0	98.183	1.001	0.00	0.94	0.04	270373	4562501	67326	65367	41275	39095	19	20	40	42
k60_ecoli_50X_2-contigs	360	115	90	77	55	31	4594337	4557362	4499512	4396226	4039469	3193709	123	327718	4562555	4641652	50.75	50.79	95457	95457	41974	41287	17	17	37	38	1	1	122600	0	0	0 + 0 part	0	98.183	1.001	0.00	1.12	0.04	327718	4562555	82786	80402	41974	41287	17	18	38	39
k66_ecoli_50X_2-contigs	336	111	86	75	55	31	4597898	4561386	4504039	4413758	4097991	3218549	118	327724	4566450	4641652	50.74	50.79	82798	82798	44763	43559	17	17	36	37	0	0	0	0	0	0 + 0 part	0	98.272	1.001	0.00	0.99	0.00	327724	4566450	82798	82798	44763	43559	17	17	36	37
k72_ecoli_50X_2-contigs	320	107	83	72	54	32	4601873	4565498	4508075	4416968	4127437	3345259	112	327731	4569419	4641652	50.75	50.79	95964	95964	48288	46902	17	17	34	35	1	1	122612	0	0	0 + 0 part	0	98.330	1.001	0.00	1.21	0.00	327731	4569419	82810	82810	46902	45090	17	17	35	36
k78_ecoli_50X_2-contigs	309	103	81	71	51	31	4596254	4558705	4505457	4424779	4106918	3401196	109	327737	4563141	4641652	50.75	50.79	106402	106402	48937	46331	15	15	32	33	1	1	289866	0	0	0 + 0 part	0	98.268	1.000	0.00	0.59	0.04	327737	4563141	106402	95970	48937	46331	15	16	33	34
k84_ecoli_50X_2-contigs	273	99	79	71	52	31	4599113	4565830	4517740	4453119	4147059	3403916	105	327743	4569654	4641652	50.75	50.79	106418	106418	48949	46337	15	15	32	33	0	0	0	0	0	0 + 0 part	0	98.405	1.000	0.00	0.83	0.02	327743	4569654	106418	106418	48949	46337	15	15	32	33
k90_ecoli_50X_2-contigs	247	94	76	71	52	30	4597296	4566693	4524299	4484211	4171339	3392920	98	327749	4569614	4641652	50.75	50.79	106434	98852	48961	48507	14	15	31	32	0	0	0	0	0	0 + 0 part	0	98.394	1.001	0.00	0.79	0.00	327749	4569614	106434	98852	48961	48507	14	15	31	32
k96_ecoli_50X_2-contigs	227	90	72	65	50	31	4602703	4574039	4530637	4475899	4232134	3587132	93	327755	4576252	4641652	50.74	50.79	124039	124039	57918	55564	14	14	29	30	0	0	0	0	0	0 + 0 part	0	98.450	1.001	0.00	0.88	0.00	327755	4576252	124039	124039	57918	55564	14	14	29	30
k102_ecoli_100X_2-contigs	185	80	64	58	48	27	4637916	4613481	4567404	4524730	4366665	3662161	84	327797	4616330	4641652	50.76	50.79	133971	133971	64353	64353	12	12	24	24	0	0	0	0	0	0 + 0 part	0	98.933	1.005	0.00	2.50	0.04	327797	4616330	133971	133971	64353	64353	12	12	24	24
k108_ecoli_100X_2-contigs	178	78	62	56	47	28	4636735	4612320	4565790	4523157	4387332	3740867	83	327797	4615699	4641652	50.76	50.79	133971	133971	64353	64353	12	12	24	24	0	0	0	0	0	0 + 0 part	0	98.922	1.005	0.00	2.48	0.04	327797	4615699	133971	133971	64353	64353	12	12	24	24
k114_ecoli_100X_2-contigs	171	77	61	56	47	28	4637878	4612976	4566324	4530312	4394655	3747926	83	327797	4617274	4641652	50.76	50.79	133971	133971	64353	64353	12	12	24	24	0	0	0	0	0	0 + 0 part	0	98.926	1.006	0.00	1.61	0.00	327797	4617274	133971	133971	64353	64353	12	12	24	24
k120_ecoli_100X_2-contigs	164	75	60	55	46	29	4635400	4612638	4568371	4533586	4397791	3814840	78	327779	4615007	4641652	50.76	50.79	133971	133971	66775	66775	12	12	24	24	0	0	0	0	0	0 + 0 part	0	98.906	1.005	0.00	2.40	0.04	327779	4615007	133971	133971	66775	66775	12	12	24	24
k126_ecoli_100X_2-contigs	161	75	60	55	46	29	4636441	4613454	4568356	4533565	4397578	3815164	78	327785	4615823	4641652	50.76	50.79	133971	133971	66781	66781	12	12	24	24	0	0	0	0	0	0 + 0 part	0	98.916	1.005	0.00	2.59	0.04	327785	4615823	133971	133971	66781	66781	12	12	24	24
k30_ecoli_100X_2-contigs	569	147	113	95	63	28	4601609	4560819	4468495	4326505	3811445	2555163	156	269785	4566999	4641652	50.76	50.79	57842	57641	32475	31903	23	24	50	52	0	0	0	2	0	0 + 0 part	0	98.047	1.004	10.90	1.60	0.24	269785	4566611	57842	57641	32475	31903	23	24	50	52
k36_ecoli_100X_2-contigs	453	135	106	88	61	30	4609157	4571370	4493183	4357625	3943986	2832691	146	270096	4579487	4641652	50.77	50.79	65898	65422	35778	35574	21	22	45	46	0	0	0	6	0	0 + 0 part	0	98.277	1.004	1.16	2.46	0.20	270096	4579487	65898	65422	35778	35574	21	22	45	46
k42_ecoli_100X_2-contigs	369	115	90	78	57	31	4618809	4587865	4519898	4428582	4095362	3152263	123	270194	4593646	4641652	50.77	50.79	83202	83202	42262	42241	18	18	38	39	0	0	0	4	0	0 + 0 part	0	98.538	1.004	0.02	2.82	0.24	270194	4593646	83202	83202	42262	42241	18	18	38	39
k48_ecoli_100X_2-contigs	346	107	87	75	53	31	4622310	4591775	4537099	4448459	4096441	3321378	112	270060	4595406	4641652	50.77	50.79	96181	95861	45278	42305	16	17	34	35	0	0	0	2	0	0 + 0 part	0	98.573	1.004	0.00	1.70	0.11	270060	4595406	96181	95861	45278	42305	16	17	34	35
k54_ecoli_100X_2-contigs	299	103	85	75	54	33	4623547	4595139	4546687	4472836	4144451	3409255	108	270460	4598306	4641652	50.77	50.79	95906	95906	49432	46284	17	17	34	35	0	0	0	1	0	0 + 0 part	0	98.611	1.005	0.02	1.81	0.11	270460	4598306	95906	95906	49432	46284	17	17	34	35
k60_ecoli_100X_2-contigs	281	97	80	70	54	32	4628341	4599337	4554940	4480454	4228478	3462625	103	328378	4603439	4641652	50.77	50.79	96062	96062	53764	49550	16	16	32	33	0	0	0	1	0	0 + 0 part	0	98.698	1.005	0.00	1.75	0.07	328378	4603439	96062	96062	53764	49550	16	16	32	33
k66_ecoli_100X_2-contigs	266	96	78	69	54	32	4628799	4599651	4550944	4481383	4250665	3485190	102	327790	4604180	4641652	50.77	50.79	106378	96068	53770	53770	15	16	32	32	0	0	0	1	0	0 + 0 part	0	98.728	1.005	0.00	1.83	0.02	327790	4604180	106378	96068	53770	53770	15	16	32	32
k72_ecoli_100X_2-contigs	252	92	75	66	51	32	4635397	4605575	4556529	4486377	4254394	3599539	97	327796	4609496	4641652	50.78	50.79	113967	112594	55999	55999	14	15	30	30	0	0	0	1	0	0 + 0 part	0	98.848	1.005	0.00	2.20	0.02	327796	4609496	113967	112594	55999	55999	14	15	30	30
k78_ecoli_100X_2-contigs	244	92	76	67	52	32	4633577	4603042	4555236	4486189	4254654	3570568	98	327797	4607478	4641652	50.77	50.79	113390	106402	56005	54089	14	15	30	31	0	0	0	0	0	0 + 0 part	0	98.833	1.004	0.00	1.83	0.00	327797	4607478	113390	106402	56005	54089	14	15	30	31
k84_ecoli_100X_2-contigs	223	89	72	66	52	32	4631708	4603276	4554921	4508843	4294497	3611309	96	327797	4608082	4641652	50.78	50.79	113390	106418	58239	58239	14	15	30	30	0	0	0	0	0	0 + 0 part	0	98.888	1.004	0.00	2.05	0.02	327797	4608079	113390	106418	58239	58239	14	15	30	30
k90_ecoli_100X_2-contigs	206	85	69	63	51	29	4636037	4609442	4565309	4522343	4340386	3604183	90	327797	4613357	4641652	50.77	50.79	113390	113390	59186	59186	13	13	27	27	0	0	0	0	0	0 + 0 part	0	98.909	1.005	0.00	1.90	0.00	327797	4613357	113390	113390	59186	59186	13	13	27	27
k96_ecoli_100X_2-contigs	193	85	69	63	51	30	4639118	4615101	4568860	4526183	4344247	3639828	88	327797	4617314	4641652	50.77	50.79	113390	113390	59186	58833	14	14	27	28	0	0	0	0	0	0 + 0 part	0	98.937	1.005	0.00	2.53	0.04	327797	4617314	113390	113390	59186	58833	14	14	27	28
k102_ecoli_200X_2-contigs	169	78	63	57	48	27	4639491	4618374	4572685	4528757	4392310	3686722	81	327797	4620446	4641652	50.77	50.79	133965	133965	64353	64353	12	12	24	24	0	0	0	0	0	0 + 0 part	0	99.000	1.005	0.00	2.50	0.04	327797	4620446	133965	133965	64353	64353	12	12	24	24
k108_ecoli_200X_2-contigs	167	77	62	56	47	28	4640200	4618586	4572704	4528832	4392367	3744389	81	327797	4621176	4641652	50.77	50.79	133965	133965	64353	64353	12	12	24	24	0	0	0	0	0	0 + 0 part	0	99.016	1.005	0.00	2.48	0.04	327797	4621176	133965	133965	64353	64353	12	12	24	24
k114_ecoli_200X_2-contigs	159	75	60	55	46	28	4641546	4618834	4572648	4536636	4399952	3782427	81	327797	4623132	4641652	50.77	50.79	133965	133965	69113	69113	12	12	23	23	0	0	0	0	0	0 + 0 part	0	99.054	1.006	0.00	1.61	0.00	327797	4623132	133965	133965	69113	69113	12	12	23	23
k120_ecoli_200X_2-contigs	153	71	57	53	44	29	4638783	4617358	4573775	4545011	4408716	3902322	74	327797	4619727	4641652	50.76	50.79	133965	133965	80392	69113	12	12	22	23	0	0	0	0	0	0 + 0 part	0	98.987	1.005	0.00	2.55	0.04	327797	4619727	133965	133965	80392	69113	12	12	22	23
k126_ecoli_200X_2-contigs	146	69	58	53	44	29	4638405	4617350	4584264	4549803	4413055	3901566	72	327785	4619719	4641652	50.76	50.79	133965	133965	80392	68605	12	12	22	23	0	0	0	0	0	0 + 0 part	0	98.969	1.006	0.00	2.59	0.07	327785	4619719	133965	133965	80392	68605	12	12	22	23
k30_ecoli_200X_2-contigs	515	132	104	88	59	30	4601488	4563258	4484418	4357632	3912523	2874113	141	269785	4569438	4641652	50.76	50.79	59500	59186	35895	35440	20	21	44	45	0	0	0	3	0	0 + 0 part	0	98.092	1.004	10.33	2.33	0.29	269785	4569050	59500	59186	35895	35440	20	21	44	45
k36_ecoli_200X_2-contigs	396	114	94	78	58	34	4608322	4573788	4519560	4396530	4095583	3231577	125	270096	4581767	4641652	50.77	50.79	77978	74787	42502	42346	19	20	39	40	0	0	0	4	0	0 + 0 part	0	98.330	1.004	2.25	3.22	0.22	270096	4581767	77978	74787	42502	42346	19	20	39	40
k42_ecoli_200X_2-contigs	335	103	83	74	54	33	4617412	4589580	4534425	4464827	4156711	3368284	110	270194	4594514	4641652	50.77	50.79	95807	88456	48313	46252	17	18	35	36	0	0	0	6	0	0 + 0 part	0	98.576	1.004	0.02	3.32	0.26	270194	4594514	95807	88456	48313	46252	17	18	35	36
k48_ecoli_200X_2-contigs	321	102	83	73	52	33	4622007	4593803	4542988	4466021	4138949	3470576	107	270060	4597434	4641652	50.77	50.79	96181	96181	53709	49538	16	16	33	34	0	0	0	2	0	0 + 0 part	0	98.621	1.004	0.00	2.01	0.11	270060	4597434	96181	96181	53709	49538	16	16	33	34
k54_ecoli_200X_2-contigs	281	96	79	70	54	34	4624526	4597785	4553653	4487487	4244847	3568513	101	270460	4600952	4641652	50.78	50.79	95957	95957	55882	53790	16	16	32	33	0	0	0	1	0	0 + 0 part	0	98.642	1.005	0.02	1.97	0.11	270460	4600952	95957	95957	55882	53790	16	16	32	33
k60_ecoli_200X_2-contigs	267	92	75	66	53	33	4630119	4602356	4557787	4491065	4290074	3610777	98	328378	4606458	4641652	50.78	50.79	106366	106366	55987	55987	15	15	31	31	0	0	0	1	0	0 + 0 part	0	98.734	1.005	0.00	1.90	0.07	328378	4606458	106366	106366	55987	55987	15	15	31	31
k66_ecoli_200X_2-contigs	253	92	74	66	53	33	4629185	4601281	4552380	4490749	4289947	3611533	98	327790	4605810	4641652	50.77	50.79	106378	106378	55993	55993	15	15	31	31	0	0	0	1	0	0 + 0 part	0	98.763	1.005	0.00	1.96	0.02	327790	4605810	106378	106378	55993	55993	15	15	31	31
k72_ecoli_200X_2-contigs	245	89	72	64	51	32	4635679	4606547	4557432	4495216	4293631	3655519	94	327796	4610468	4641652	50.78	50.79	113967	112701	58833	58833	14	15	29	29	0	0	0	1	0	0 + 0 part	0	98.868	1.005	0.00	2.18	0.02	327796	4610468	113967	112701	58833	58833	14	15	29	29
k78_ecoli_200X_2-contigs	233	88	72	64	52	32	4634142	4604900	4557094	4494720	4304412	3636606	94	327797	4609336	4641652	50.77	50.79	113390	113390	58833	58233	14	14	29	30	0	0	0	0	0	0 + 0 part	0	98.852	1.005	0.00	1.81	0.00	327797	4609336	113390	113390	58833	58233	14	14	29	30
k84_ecoli_200X_2-contigs	214	86	69	64	53	32	4632551	4605238	4556883	4519523	4353518	3635451	93	327797	4610044	4641652	50.78	50.79	113390	113390	58833	58239	14	14	29	30	0	0	0	0	0	0 + 0 part	0	98.906	1.004	0.00	1.92	0.02	327797	4610044	113390	113390	58833	58239	14	14	29	30
k90_ecoli_200X_2-contigs	193	81	66	60	51	29	4637084	4612166	4569916	4525489	4389093	3650220	86	327797	4616081	4641652	50.77	50.79	133670	133670	60310	59186	13	13	26	27	0	0	0	0	0	0 + 0 part	0	98.946	1.005	0.00	1.89	0.00	327797	4616081	133670	133670	60310	59186	13	13	26	27
k96_ecoli_200X_2-contigs	179	82	66	60	51	30	4639674	4618202	4571718	4527790	4391367	3685972	84	327797	4619650	4641652	50.77	50.79	133670	133670	59186	59186	14	14	27	27	0	0	0	0	0	0 + 0 part	0	98.966	1.006	0.00	2.53	0.04	327797	4619650	133670	133670	59186	59186	14	14	27	27
k102_ecoli_20X_3-contigs	1839	1234	243	36	0	0	4581474	4271562	1815379	444665	0	0	1517	17958	4484859	4641652	50.74	50.79	4217	4050	2449	2268	337	356	687	737	0	0	0	0	0	0 + 0 part	0	96.158	1.005	0.00	0.16	0.02	17958	4484859	4217	4050	2449	2268	337	356	687	737
k108_ecoli_20X_3-contigs	1765	1200	254	34	0	0	4581422	4291079	1929894	437798	0	0	1479	20276	4494127	4641652	50.75	50.79	4327	4216	2568	2398	323	340	658	703	0	0	0	1	0	0 + 0 part	0	96.320	1.005	0.00	0.83	0.02	20276	4494124	4327	4216	2568	2398	323	340	658	703
k114_ecoli_20X_3-contigs	3366	1673	47	0	0	0	4484641	3564391	280244	0	0	0	2553	8569	4209576	4641652	50.75	50.79	2048	1871	1296	1067	671	781	1318	1593	0	0	0	0	0	0 + 0 part	0	90.119	1.006	1.07	1.48	0.05	8569	4209421	2048	1871	1296	1067	671	781	1318	1593
k120_ecoli_20X_3-contigs	5988	1071	0	0	0	0	4040758	1558650	0	0	0	0	3258	4273	3100637	4641652	50.78	50.79	1001	731	729	-	1063	1963	1970	-	0	0	0	1	0	0 + 0 part	0	66.466	1.005	0.00	2.27	0.00	4273	3100451	1001	731	729	-	1063	1964	1970	-
k126_ecoli_20X_3-contigs	6507	114	0	0	0	0	2713121	139957	0	0	0	0	1532	2815	1058556	4641652	50.78	50.79	668	-	571	-	607	-	1035	-	3	3	4564	0	0	0 + 0 part	0	22.761	1.002	0.00	1.51	0.19	2813	1058374	667	-	571	-	608	-	1036	-
k30_ecoli_20X_3-contigs	1408	517	305	141	24	2	4577574	4479087	3900940	2678941	817290	109641	557	57494	4508033	4641652	50.74	50.79	12828	12402	7467	7201	104	109	222	235	0	0	0	0	0	0 + 0 part	0	97.034	1.001	1.26	0.33	0.02	57494	4508033	12828	12402	7467	7201	104	109	222	235
k36_ecoli_20X_3-contigs	1145	471	293	160	29	0	4579683	4495346	4021907	3032819	951414	0	504	48832	4519241	4641652	50.75	50.79	14936	14443	8487	8034	97	101	199	210	0	0	0	0	0	0 + 0 part	0	97.265	1.001	0.24	0.44	0.02	48832	4519241	14936	14443	8487	8034	97	101	199	210
k42_ecoli_20X_3-contigs	916	412	268	166	38	6	4580040	4511249	4138291	3387401	1342391	337543	435	61157	4528570	4641652	50.75	50.79	17714	17278	9961	9589	83	86	167	176	0	0	0	0	0	0 + 0 part	0	97.462	1.001	0.22	0.46	0.02	61157	4528570	17714	17278	9961	9589	83	86	167	176
k48_ecoli_20X_3-contigs	858	425	273	166	40	2	4581751	4510333	4099719	3332083	1338749	111169	452	57761	4530921	4641652	50.75	50.79	16572	16344	9517	8806	85	88	173	182	0	0	0	0	0	0 + 0 part	0	97.502	1.001	0.31	0.33	0.00	57761	4530921	16572	16344	9517	8806	85	88	173	182
k54_ecoli_20X_3-contigs	768	404	263	164	40	4	4580876	4514011	4127924	3406080	1432710	229433	431	62272	4533868	4641652	50.75	50.79	18179	17180	10078	9474	79	82	164	172	0	0	0	0	0	0 + 0 part	0	97.579	1.001	0.31	0.62	0.00	62272	4533868	18179	17180	10078	9474	79	82	164	172
k60_ecoli_20X_3-contigs	708	387	248	156	49	5	4581923	4520084	4143549	3461777	1776059	321690	414	78158	4539277	4641652	50.75	50.79	19404	19383	10728	9898	73	75	151	158	0	0	0	1	0	0 + 0 part	0	97.700	1.001	0.31	0.73	0.00	78158	4539277	19404	19383	10728	9898	73	75	151	158
k66_ecoli_20X_3-contigs	653	360	233	155	53	6	4583190	4526172	4198113	3637302	2010092	391507	382	79305	4542172	4641652	50.75	50.79	21348	21228	12004	11453	65	67	135	141	0	0	0	1	0	0 + 0 part	0	97.776	1.001	0.00	0.95	0.00	79305	4542172	21348	21228	12004	11453	65	67	135	141
k72_ecoli_20X_3-contigs	663	377	238	160	45	6	4587108	4528735	4162301	3602689	1789339	384056	400	93312	4545615	4641652	50.75	50.79	19809	19404	11502	10638	67	70	142	149	0	0	0	1	0	0 + 0 part	0	97.836	1.001	0.00	0.73	0.00	93312	4545615	19809	19404	11502	10638	67	70	142	149
k78_ecoli_20X_3-contigs	719	437	270	165	43	0	4589432	4525314	4058023	3319569	1402625	0	463	49803	4544705	4641652	50.74	50.79	17122	16630	9066	8592	86	89	175	183	0	0	0	1	0	0 + 0 part	0	97.788	1.001	0.00	0.13	0.00	49803	4544705	17122	16630	9066	8592	86	89	175	183
k84_ecoli_20X_3-contigs	862	586	319	151	26	0	4587916	4509038	3780392	2611943	793384	0	632	49809	4542108	4641652	50.75	50.79	11640	11422	6301	6041	120	124	253	265	0	0	0	0	0	0 + 0 part	0	97.679	1.002	0.00	0.15	0.00	49809	4542108	11640	11422	6301	6041	120	124	253	265
k90_ecoli_20X_3-contigs	992	703	323	149	8	0	4591620	4486142	3446002	2231834	230766	0	786	37712	4546839	4641652	50.75	50.79	9760	9608	5100	4898	154	159	316	331	0	0	0	0	0	0 + 0 part	0	97.688	1.003	0.00	0.15	0.00	37712	4546839	9760	9608	5100	4898	154	159	316	331
k96_ecoli_20X_3-contigs	1304	940	315	87	2	0	4591035	4424023	2792398	1205993	54147	0	1092	28983	4537405	4641652	50.75	50.79	6249	6089	3577	3412	221	230	459	481	0	0	0	0	0	0 + 0 part	0	97.385	1.004	0.00	0.07	0.00	28983	4537405	6249	6089	3577	3412	221	230	459	481
k102_ecoli_50X_3-contigs	208	87	66	61	49	28	4597712	4570757	4517511	4478019	4292396	3590168	91	327155	4573606	4641652	50.75	50.79	133276	133276	58012	58012	12	12	26	26	0	0	0	0	0	0 + 0 part	0	98.460	1.001	0.00	0.20	0.00	327155	4573606	133276	133276	58012	58012	12	12	26	26
k108_ecoli_50X_3-contigs	212	87	66	61	48	28	4595773	4567188	4515183	4476089	4275529	3587461	92	327167	4570567	4641652	50.75	50.79	131074	131074	56885	54962	13	13	26	27	0	0	0	0	0	0 + 0 part	0	98.398	1.001	0.00	0.13	0.00	327167	4570567	131074	131074	56885	54962	13	13	26	27
k114_ecoli_50X_3-contigs	210	89	68	62	48	27	4597479	4567156	4516559	4468764	4246084	3502185	96	327179	4572441	4641652	50.75	50.79	125750	125750	56897	54974	13	13	26	27	0	0	0	0	0	0 + 0 part	0	98.424	1.001	0.00	0.20	0.00	327179	4572441	125750	125750	56897	54974	13	13	26	27
k120_ecoli_50X_3-contigs	228	124	96	86	59	25	4598299	4573386	4502631	4430234	3975409	2765203	126	261093	4575101	4641652	50.75	50.79	83447	67407	35935	35449	17	18	41	43	0	0	0	0	0	0 + 0 part	0	98.444	1.001	0.33	0.20	0.02	261093	4575101	83447	67407	35935	35449	17	18	41	43
k126_ecoli_50X_3-contigs	470	354	246	158	49	9	4599659	4560048	4258585	3600305	1909528	548332	375	88698	4575953	4641652	50.75	50.79	19855	19847	11512	11152	67	68	143	147	0	0	0	0	0	0 + 0 part	0	98.390	1.002	14.10	0.37	0.48	88698	4575951	19855	19847	11512	11152	67	68	143	147
k36_ecoli_50X_3-contigs	676	232	181	135	59	18	4587801	4537204	4397648	4040160	2798353	1289337	245	232006	4546803	4641652	50.75	50.79	34769	33623	16967	16548	42	43	89	93	0	0	0	1	0	0 + 0 part	0	97.809	1.002	0.77	1.43	0.07	232006	4546803	34769	33623	16967	16548	42	43	89	93
k42_ecoli_50X_3-contigs	514	173	133	111	63	26	4590759	4551520	4444651	4276820	3502435	2140768	181	232018	4557577	4641652	50.75	50.79	48112	46469	25869	25121	29	30	60	63	0	0	0	0	0	0 + 0 part	0	98.047	1.001	0.18	1.27	0.02	232018	4557577	48112	46469	25869	25121	29	30	60	63
k48_ecoli_50X_3-contigs	445	139	106	89	59	30	4590843	4552352	4470658	4338525	3858609	2812425	145	269782	4557161	4641652	50.76	50.79	60584	60322	35748	35116	21	22	45	47	0	0	0	0	0	0 + 0 part	0	98.056	1.001	0.02	1.32	0.00	269782	4557161	60584	60322	35748	35116	21	22	45	47
k54_ecoli_50X_3-contigs	396	129	98	85	61	31	4592923	4554288	4470944	4369771	3993927	2916361	136	269794	4559292	4641652	50.76	50.79	63672	61943	39095	36318	20	21	43	45	0	0	0	0	0	0 + 0 part	0	98.110	1.001	0.00	1.30	0.00	269794	4559292	63672	61943	39095	36318	20	21	43	45
k60_ecoli_50X_3-contigs	359	119	91	79	60	30	4590784	4554922	4479589	4380900	4085200	2999895	125	327070	4559024	4641652	50.75	50.79	74322	67338	41042	41040	18	19	40	41	1	1	74976	0	0	0 + 0 part	0	98.157	1.001	0.00	0.90	0.00	327070	4559024	67338	63678	41042	40251	18	19	40	42
k66_ecoli_50X_3-contigs	355	119	90	78	59	31	4598834	4560705	4484980	4385383	4090145	3078352	125	327082	4565234	4641652	50.75	50.79	74334	67350	42083	41052	18	19	39	41	1	1	76982	0	0	0 + 0 part	0	98.227	1.001	0.00	0.66	0.00	327082	4565234	67350	63978	42083	41052	18	19	39	41
k72_ecoli_50X_3-contigs	341	117	89	78	59	31	4605169	4566579	4490907	4399278	4107633	3085245	122	327095	4570500	4641652	50.76	50.79	74346	67891	42225	42095	18	19	39	40	0	0	0	0	0	0 + 0 part	0	98.344	1.001	0.00	0.68	0.00	327095	4570500	74346	67891	42225	42095	18	19	39	40
k78_ecoli_50X_3-contigs	312	106	83	74	56	33	4599445	4561043	4496398	4423425	4140302	3317956	112	327107	4565479	4641652	50.76	50.79	80392	80392	44787	43848	17	17	36	37	1	1	75542	0	0	0 + 0 part	0	98.274	1.001	0.00	1.03	0.00	327107	4565479	80392	80392	44787	43848	17	17	36	37
k84_ecoli_50X_3-contigs	279	102	79	72	55	32	4599532	4564615	4502963	4446035	4179073	3363658	109	327119	4569421	4641652	50.76	50.79	82958	82958	46252	44799	16	16	34	35	1	1	77634	0	0	0 + 0 part	0	98.343	1.001	0.00	0.22	0.00	327119	4569421	82958	82958	46252	44799	16	16	34	35
k90_ecoli_50X_3-contigs	245	96	74	68	55	31	4596209	4566351	4510456	4463617	4256041	3422096	100	327131	4569272	4641652	50.75	50.79	97574	97574	48851	44811	15	15	32	33	1	1	78845	0	0	0 + 0 part	0	98.360	1.001	0.00	0.22	0.00	327131	4569272	97574	97574	48851	44811	15	15	32	33
k96_ecoli_50X_3-contigs	228	92	70	64	50	30	4600099	4571523	4513177	4465993	4245272	3575346	95	327143	4573736	4641652	50.75	50.79	133018	113358	57878	54938	13	14	28	29	0	0	0	0	0	0 + 0 part	0	98.463	1.001	0.00	0.22	0.00	327143	4573736	133018	113358	57878	54938	13	14	28	29
k102_ecoli_100X_3-contigs	181	81	64	58	48	27	4637916	4615202	4566717	4522872	4365087	3661916	84	327797	4617274	4641652	50.76	50.79	133965	133965	64353	64353	12	12	24	24	0	0	0	0	0	0 + 0 part	0	98.931	1.005	0.00	2.50	0.04	327797	4617274	133965	133965	64353	64353	12	12	24	24
k108_ecoli_100X_3-contigs	174	78	62	56	47	28	4636821	4613884	4567314	4523510	4387554	3740445	82	327797	4616474	4641652	50.76	50.79	133965	133965	64353	64353	12	12	24	24	0	0	0	0	0	0 + 0 part	0	98.917	1.005	0.00	2.48	0.04	327797	4616474	133965	133965	64353	64353	12	12	24	24
k114_ecoli_100X_3-contigs	171	77	61	56	47	28	4638125	4613507	4566661	4530649	4394468	3748277	83	327797	4617805	4641652	50.76	50.79	133965	133965	64353	64353	12	12	24	24	0	0	0	0	0	0 + 0 part	0	98.938	1.006	0.00	1.61	0.00	327797	4617805	133965	133965	64353	64353	12	12	24	24
k120_ecoli_100X_3-contigs	162	74	59	54	45	29	4635303	4612775	4568270	4532258	4396532	3844404	77	327797	4615144	4641652	50.76	50.79	133965	133965	69113	66775	12	12	23	24	0	0	0	0	0	0 + 0 part	0	98.923	1.005	0.00	2.55	0.04	327797	4615144	133965	133965	69113	66775	12	12	23	24
k126_ecoli_100X_3-contigs	158	74	59	54	45	29	4637369	4615000	4570120	4534156	4398107	3844606	77	327785	4617369	4641652	50.76	50.79	133965	133965	68605	66781	12	12	23	24	0	0	0	0	0	0 + 0 part	0	98.925	1.006	0.00	2.59	0.04	327785	4617369	133965	133965	68605	66781	12	12	23	24
k30_ecoli_100X_3-contigs	555	142	110	94	61	29	4601564	4561246	4474948	4348247	3843463	2711798	151	269785	4567426	4641652	50.76	50.79	57641	57641	33607	31903	22	22	47	49	0	0	0	2	0	0 + 0 part	0	98.059	1.003	7.33	1.96	0.22	269785	4567251	57641	57641	33607	31903	22	22	47	49
k36_ecoli_100X_3-contigs	436	132	104	86	60	31	4609092	4573286	4497257	4359622	3967446	2926802	142	270096	4580630	4641652	50.77	50.79	65484	65484	35901	35574	21	21	43	45	0	0	0	5	0	0 + 0 part	0	98.295	1.004	1.48	2.96	0.20	270096	4580630	65484	65484	35901	35574	21	21	43	45
k42_ecoli_100X_3-contigs	369	118	91	82	60	31	4618608	4588663	4514689	4447404	4104965	3045098	125	270194	4593597	4641652	50.77	50.79	68951	68951	42262	42160	19	19	40	41	0	0	0	5	0	0 + 0 part	0	98.536	1.004	0.02	3.02	0.22	270194	4593597	68951	68951	42262	42160	19	19	40	41
k48_ecoli_100X_3-contigs	333	109	88	78	55	31	4621262	4592301	4535757	4459105	4096485	3241977	114	270060	4595932	4641652	50.77	50.79	83321	83321	42324	42305	17	17	36	37	0	0	0	2	0	0 + 0 part	0	98.604	1.004	0.00	1.92	0.11	270060	4595932	83321	83321	42324	42305	17	17	36	37
k54_ecoli_100X_3-contigs	291	103	84	74	53	33	4623532	4596028	4545045	4471334	4142955	3453306	108	270460	4599195	4641652	50.77	50.79	95957	95957	53721	49544	16	16	33	34	0	0	0	1	0	0 + 0 part	0	98.629	1.005	0.02	1.86	0.11	270460	4599195	95957	95957	53721	49544	16	16	33	34
k60_ecoli_100X_3-contigs	272	93	76	67	53	33	4628358	4600296	4555796	4489190	4276359	3597140	99	328378	4604398	4641652	50.77	50.79	106366	106366	55987	55987	15	15	31	31	0	0	0	1	0	0 + 0 part	0	98.719	1.005	0.00	1.79	0.07	328378	4604398	106366	106366	55987	55987	15	15	31	31
k66_ecoli_100X_3-contigs	256	93	75	67	53	33	4627846	4599672	4551623	4490102	4267957	3589740	99	327790	4604201	4641652	50.77	50.79	106378	106378	55993	55993	15	15	31	31	0	0	0	1	0	0 + 0 part	0	98.748	1.005	0.00	1.85	0.02	327790	4604201	106378	106378	55993	55993	15	15	31	31
k72_ecoli_100X_3-contigs	248	90	73	65	52	32	4634929	4605515	4557177	4495065	4293468	3613160	95	327796	4609436	4641652	50.77	50.79	113967	112701	55999	55999	14	15	30	30	0	0	0	1	0	0 + 0 part	0	98.863	1.004	0.00	2.22	0.02	327796	4609436	113967	112701	55999	55999	14	15	30	30
k78_ecoli_100X_3-contigs	241	90	74	66	53	32	4633243	4603006	4556172	4493798	4292611	3583056	96	327797	4607442	4641652	50.77	50.79	113390	106402	56005	54089	14	15	30	31	0	0	0	0	0	0 + 0 part	0	98.826	1.004	0.00	1.74	0.00	327797	4607442	113390	106402	56005	54089	14	15	30	31
k84_ecoli_100X_3-contigs	222	88	71	65	52	32	4631639	4603149	4554932	4507675	4306263	3623739	95	327797	4607955	4641652	50.78	50.79	113390	106418	58239	58239	14	15	30	30	0	0	0	0	0	0 + 0 part	0	98.863	1.004	0.00	1.92	0.02	327797	4607955	113390	106418	58239	58239	14	15	30	30
k90_ecoli_100X_3-contigs	206	84	68	62	50	29	4635395	4608661	4564756	4520533	4333703	3626732	89	327797	4612576	4641652	50.77	50.79	125711	125711	59186	59186	13	13	27	27	0	0	0	0	0	0 + 0 part	0	98.873	1.005	0.00	1.90	0.00	327797	4612576	125711	125711	59186	59186	13	13	27	27
k96_ecoli_100X_3-contigs	191	84	67	61	51	30	4637927	4614625	4567267	4523339	4365584	3662518	86	327797	4616073	4641652	50.76	50.79	125806	125806	59186	59186	14	14	27	27	0	0	0	0	0	0 + 0 part	0	98.894	1.006	0.00	2.53	0.04	327797	4616073	125806	125806	59186	59186	14	14	27	27
k102_ecoli_200X_3-contigs	170	79	63	57	48	27	4638908	4617798	4570477	4526558	4390094	3684608	82	327797	4619870	4641652	50.77	50.79	133968	133968	64353	64353	12	12	24	24	0	0	0	0	0	0 + 0 part	0	98.986	1.006	0.00	2.48	0.04	327797	4619870	133968	133968	64353	64353	12	12	24	24
k108_ecoli_200X_3-contigs	163	77	61	55	46	28	4638765	4617966	4570537	4526665	4390183	3772201	81	327797	4620556	4641652	50.77	50.79	133968	133968	68587	64353	12	12	23	24	0	0	0	0	0	0 + 0 part	0	99.002	1.005	0.00	2.46	0.04	327797	4620556	133968	133968	68587	64353	12	12	23	24
k114_ecoli_200X_3-contigs	158	75	60	55	46	28	4639892	4617429	4571877	4535865	4399028	3782024	81	327911	4621727	4641652	50.77	50.79	133968	133968	68593	68593	12	12	23	23	0	0	0	0	0	0 + 0 part	0	99.022	1.006	0.00	1.61	0.00	327911	4621727	133968	133968	68593	68593	12	12	23	23
k120_ecoli_200X_3-contigs	148	71	60	54	45	29	4637892	4617513	4585141	4543438	4406978	3848562	74	327917	4619882	4641652	50.76	50.79	133968	133968	68599	66775	12	12	23	24	0	0	0	0	0	0 + 0 part	0	98.988	1.005	0.00	2.52	0.07	327917	4619882	133968	133968	68599	66775	12	12	23	24
k126_ecoli_200X_3-contigs	143	68	57	52	45	29	4637491	4616867	4584086	4549625	4453259	3901873	71	327923	4619236	4641652	50.76	50.79	133968	133968	80392	68605	12	12	22	23	0	0	0	0	0	0 + 0 part	0	98.962	1.006	0.00	2.57	0.09	327923	4619236	133968	133968	80392	68605	12	12	22	23
k30_ecoli_200X_3-contigs	502	131	103	88	57	31	4601448	4564470	4485592	4364829	3878616	2940095	140	269785	4570650	4641652	50.76	50.79	59920	59500	38549	35895	20	21	43	44	0	0	0	3	0	0 + 0 part	0	98.129	1.003	8.82	3.71	0.35	269785	4570454	59920	59500	38549	35895	20	21	43	44
k36_ecoli_200X_3-contigs	399	114	94	78	58	33	4608195	4573342	4520662	4397876	4089510	3170386	125	270096	4581321	4641652	50.77	50.79	77978	74997	42502	42346	19	20	39	40	0	0	0	5	0	0 + 0 part	0	98.328	1.004	2.47	3.51	0.28	270096	4581321	77978	74997	42502	42346	19	20	39	40
k42_ecoli_200X_3-contigs	339	105	85	76	55	32	4617840	4589504	4534596	4464998	4136645	3281872	112	270194	4594438	4641652	50.77	50.79	95807	88456	45839	45418	17	18	36	37	0	0	0	6	0	0 + 0 part	0	98.568	1.004	0.02	3.50	0.26	270194	4594438	95807	88456	45839	45418	17	18	36	37
k48_ecoli_200X_3-contigs	318	101	82	72	52	33	4621597	4593206	4542793	4465826	4152017	3483512	106	270060	4596837	4641652	50.77	50.79	96181	96181	53709	53709	16	16	33	33	0	0	0	2	0	0 + 0 part	0	98.608	1.004	0.00	1.90	0.11	270060	4596837	96181	96181	53709	53709	16	16	33	33
k54_ecoli_200X_3-contigs	280	95	78	69	54	34	4623177	4596105	4551973	4485807	4257181	3580844	100	270460	4599272	4641652	50.77	50.79	95957	95957	55882	53790	16	16	32	33	0	0	0	1	0	0 + 0 part	0	98.636	1.005	0.02	1.99	0.11	270460	4599272	95957	95957	55882	53790	16	16	32	33
k60_ecoli_200X_3-contigs	267	92	75	66	53	33	4629222	4601459	4556959	4490237	4289888	3610591	98	328378	4605561	4641652	50.78	50.79	106366	106366	55987	55987	15	15	31	31	0	0	0	1	0	0 + 0 part	0	98.745	1.005	0.00	1.92	0.07	328378	4605561	106366	106366	55987	55987	15	15	31	31
k66_ecoli_200X_3-contigs	254	92	74	66	53	33	4629740	4601646	4552745	4491114	4290295	3612006	98	327790	4606175	4641652	50.78	50.79	106378	106378	55993	55993	15	15	31	31	0	0	0	1	0	0 + 0 part	0	98.770	1.005	0.00	2.01	0.02	327790	4606175	106378	106378	55993	55993	15	15	31	31
k72_ecoli_200X_3-contigs	245	89	72	64	51	32	4635699	4606567	4557452	4495236	4293634	3655522	94	327796	4610488	4641652	50.78	50.79	113967	112701	58833	58833	14	15	29	29	0	0	0	1	0	0 + 0 part	0	98.867	1.005	0.00	2.22	0.02	327796	4610488	113967	112701	58833	58833	14	15	29	29
k78_ecoli_200X_3-contigs	235	89	73	65	52	32	4634361	4604964	4557158	4494784	4293524	3625718	95	327797	4609400	4641652	50.78	50.79	113390	106402	58833	58233	14	15	29	30	0	0	0	0	0	0 + 0 part	0	98.849	1.005	0.00	1.83	0.00	327797	4609400	113390	106402	58833	58233	14	15	29	30
k84_ecoli_200X_3-contigs	216	87	71	65	52	32	4632596	4605063	4558591	4511250	4309636	3624373	94	327797	4609869	4641652	50.78	50.79	113390	106418	58239	58239	14	15	30	30	0	0	0	0	0	0 + 0 part	0	98.900	1.004	0.00	1.92	0.02	327797	4609869	113390	106418	58239	58239	14	15	30	30
k90_ecoli_200X_3-contigs	194	81	66	60	51	29	4636991	4611829	4569579	4525310	4388897	3649938	86	327797	4615744	4641652	50.77	50.79	133670	133670	60310	59186	13	13	26	27	0	0	0	0	0	0 + 0 part	0	98.939	1.005	0.00	1.89	0.00	327797	4615744	133670	133670	60310	59186	13	13	26	27
k96_ecoli_200X_3-contigs	182	82	66	60	51	30	4639848	4617443	4570964	4527036	4390596	3685879	85	327797	4619656	4641652	50.77	50.79	133670	133670	59186	59186	14	14	27	27	0	0	0	0	0	0 + 0 part	0	98.964	1.006	0.00	2.50	0.04	327797	4619656	133670	133670	59186	59186	14	14	27	27
k102_ecoli_20X_4-contigs	1950	1289	219	28	0	0	4580155	4240496	1630678	336607	0	0	1618	18513	4480893	4641652	50.75	50.79	3969	3850	2215	2073	357	377	728	784	0	0	0	0	0	0 + 0 part	0	96.056	1.005	0.00	0.58	0.00	18513	4480891	3969	3850	2215	2073	357	377	728	784
k108_ecoli_20X_4-contigs	1811	1231	243	38	0	0	4577186	4282300	1819136	454639	0	0	1508	15618	4486432	4641652	50.76	50.79	4160	4044	2465	2286	336	355	684	733	0	0	0	0	0	0 + 0 part	0	96.181	1.005	0.00	0.94	0.00	15618	4486427	4160	4044	2465	2286	336	355	684	733
k114_ecoli_20X_4-contigs	3415	1636	57	0	0	0	4479092	3510860	351210	0	0	0	2585	9892	4197881	4641652	50.81	50.79	2017	1826	1242	1016	651	766	1311	1607	1	1	3347	1	0	0 + 0 part	0	89.890	1.006	1.48	2.40	0.19	9892	4197719	2017	1826	1242	1015	651	766	1311	1608
k120_ecoli_20X_4-contigs	5911	1080	1	0	0	0	4047977	1610953	6229	0	0	0	3211	6229	3109405	4641652	50.86	50.79	1019	737	731	-	1025	1913	1928	-	2	2	2664	0	0	0 + 0 part	0	66.655	1.005	0.80	2.84	0.19	6229	3109262	1019	737	731	-	1025	1914	1929	-
k126_ecoli_20X_4-contigs	6504	118	0	0	0	0	2722227	149237	0	0	0	0	1527	3771	1065242	4641652	50.87	50.79	679	-	574	-	600	-	1029	-	2	2	3451	1	0	0 + 0 part	0	22.906	1.002	0.38	4.33	0.75	3771	1065173	679	-	573	-	601	-	1030	-
k30_ecoli_20X_4-contigs	1379	497	292	149	27	2	4578101	4483390	3929946	2862076	951230	102568	531	51770	4508706	4641652	50.74	50.79	14187	13402	7899	7436	98	102	208	221	0	0	0	0	0	0 + 0 part	0	97.051	1.001	1.29	0.27	0.07	51770	4508706	14187	13402	7899	7436	98	102	208	221
k36_ecoli_20X_4-contigs	1133	458	287	158	31	2	4579625	4493139	4055150	3096937	1098066	108064	494	55764	4519927	4641652	50.75	50.79	15312	14900	8587	8116	90	94	190	201	0	0	0	0	0	0 + 0 part	0	97.277	1.001	0.55	0.31	0.04	55764	4519927	15312	14900	8587	8116	90	94	190	201
k42_ecoli_20X_4-contigs	922	428	274	171	35	4	4579297	4512322	4115748	3347423	1282541	219069	453	56849	4530479	4641652	50.74	50.79	16332	15783	9774	9207	85	88	177	185	0	0	0	0	0	0 + 0 part	0	97.500	1.001	0.33	0.35	0.02	56849	4530479	16332	15783	9774	9207	85	88	177	185
k48_ecoli_20X_4-contigs	859	439	272	166	40	1	4580278	4513030	4075463	3269436	1376074	73848	463	73848	4531582	4641652	50.74	50.79	15706	15544	9596	9134	86	89	180	188	0	0	0	0	0	0 + 0 part	0	97.522	1.001	0.31	0.42	0.02	73848	4531582	15706	15544	9596	9134	86	89	180	188
k54_ecoli_20X_4-contigs	780	431	265	166	37	3	4581560	4520016	4067115	3320601	1304642	196914	454	79416	4537252	4641652	50.75	50.79	17097	16672	9753	9398	84	87	175	183	0	0	0	0	0	0 + 0 part	0	97.640	1.001	0.31	0.55	0.02	79416	4537252	17097	16672	9753	9398	84	87	175	183
k60_ecoli_20X_4-contigs	727	404	250	163	40	7	4582434	4519041	4079762	3445748	1466343	441215	433	75196	4540268	4641652	50.75	50.79	18420	17882	10364	9865	78	81	160	167	0	0	0	0	0	0 + 0 part	0	97.715	1.001	0.31	0.75	0.02	75196	4540268	18420	17882	10364	9865	78	81	160	167
k66_ecoli_20X_4-contigs	682	382	257	161	47	4	4583648	4523245	4173294	3448318	1680416	232919	407	64760	4541782	4641652	50.75	50.79	18716	17865	10290	9769	75	78	157	165	0	0	0	0	0	0 + 0 part	0	97.760	1.001	0.00	0.99	0.00	64760	4541782	18716	17865	10290	9769	75	78	157	165
k72_ecoli_20X_4-contigs	678	392	260	166	43	3	4587007	4525809	4161121	3456470	1513666	185914	417	65905	4544552	4641652	50.74	50.79	17860	17747	10328	9827	80	82	162	169	0	0	0	0	0	0 + 0 part	0	97.799	1.001	0.00	0.77	0.00	65905	4544552	17860	17747	10328	9827	80	82	162	169
k78_ecoli_20X_4-contigs	728	448	273	161	36	2	4588601	4520880	4050765	3214444	1235836	116510	480	61684	4544073	4641652	50.75	50.79	16618	16247	9155	8739	88	91	182	190	0	0	0	0	0	0 + 0 part	0	97.763	1.001	0.00	0.29	0.00	61684	4544073	16618	16247	9155	8739	88	91	182	190
k84_ecoli_20X_4-contigs	908	614	314	136	16	0	4587173	4495316	3655650	2362535	541093	0	676	48038	4539899	4641652	50.74	50.79	10483	10209	5934	5606	127	132	268	282	0	0	0	0	0	0 + 0 part	0	97.624	1.002	0.00	0.33	0.00	48038	4539899	10483	10209	5934	5606	127	132	268	282
k90_ecoli_20X_4-contigs	1039	723	324	117	12	0	4591339	4475687	3418114	1927184	368448	0	811	39528	4539260	4641652	50.74	50.79	8828	8629	5087	4778	154	160	322	337	0	0	0	0	0	0 + 0 part	0	97.530	1.003	0.00	0.38	0.00	39528	4539260	8828	8629	5087	4778	154	160	322	337
k96_ecoli_20X_4-contigs	1382	980	299	84	1	0	4588975	4409069	2637633	1129140	32348	0	1135	32348	4523947	4641652	50.75	50.79	6076	5824	3440	3210	231	241	478	504	0	0	0	0	0	0 + 0 part	0	97.120	1.004	0.00	0.33	0.00	32348	4523947	6076	5824	3440	3210	231	241	478	504
k102_ecoli_50X_4-contigs	211	84	65	61	50	29	4603124	4574955	4526662	4495014	4335384	3628969	88	327761	4577804	4641652	50.75	50.79	133011	133011	58833	58027	13	13	26	27	0	0	0	0	0	0 + 0 part	0	98.535	1.001	0.00	1.97	0.04	327761	4577804	133011	133011	58833	58027	13	13	26	27
k108_ecoli_50X_4-contigs	215	88	67	62	51	29	4605147	4575814	4520906	4481207	4323656	3567806	93	232915	4579193	4641652	50.75	50.79	124063	124063	57120	55409	14	14	27	28	0	0	0	0	0	0 + 0 part	0	98.526	1.001	0.00	2.21	0.04	232915	4579193	124063	124063	57120	55409	14	14	27	28
k114_ecoli_50X_4-contigs	210	92	71	65	47	28	4604689	4574384	4519356	4471527	4201387	3523143	100	232921	4580349	4641652	50.75	50.79	123413	123413	58036	57132	14	14	27	28	0	0	0	0	0	0 + 0 part	0	98.535	1.001	0.00	1.36	0.00	232921	4580349	123413	123413	58036	57132	14	14	27	28
k120_ecoli_50X_4-contigs	232	121	97	86	62	32	4596827	4567693	4507403	4416584	4015727	2939599	129	192896	4572832	4641652	50.74	50.79	70319	70319	38303	38108	22	22	44	45	1	1	69013	0	0	0 + 0 part	0	98.416	1.001	0.20	1.71	0.07	192896	4572832	70319	70319	38108	36319	22	22	45	46
k126_ecoli_50X_4-contigs	472	347	245	165	48	5	4593463	4552058	4262098	3654920	1754548	316487	368	85670	4566867	4641652	50.75	50.79	20794	20572	12018	11318	72	74	144	149	1	1	14657	1	0	0 + 0 part	0	98.212	1.002	15.11	2.26	0.46	85670	4566867	20794	20572	11587	11317	72	74	145	149
k36_ecoli_50X_4-contigs	712	236	180	132	64	19	4589603	4536520	4381587	4004995	2896727	1382120	249	207930	4545997	4641652	50.75	50.79	32069	32005	17307	16339	43	44	89	94	0	0	0	0	0	0 + 0 part	0	97.819	1.001	0.20	0.79	0.02	207930	4545997	32069	32005	17307	16339	43	44	89	94
k42_ecoli_50X_4-contigs	545	179	135	107	64	29	4593209	4549596	4434982	4214073	3507445	2249437	189	207944	4557099	4641652	50.76	50.79	48753	46167	26864	25878	30	31	61	63	0	0	0	0	0	0 + 0 part	0	98.036	1.001	0.18	0.84	0.00	207944	4557099	48753	46167	26864	25878	30	31	61	63
k48_ecoli_50X_4-contigs	470	139	103	86	61	32	4597087	4555448	4463581	4328272	3939991	2888173	146	269973	4560709	4641652	50.75	50.79	63572	60584	38128	36306	22	23	45	47	0	0	0	0	0	0 + 0 part	0	98.136	1.001	0.04	1.23	0.00	269973	4560709	63572	60584	38128	36306	22	23	45	47
k54_ecoli_50X_4-contigs	393	127	97	83	60	31	4596052	4557599	4480954	4372145	4007752	2938010	134	270373	4562603	4641652	50.76	50.79	65367	63584	39249	39095	20	21	43	44	0	0	0	0	0	0 + 0 part	0	98.158	1.001	0.02	1.01	0.00	270373	4562603	65367	63584	39249	39095	20	21	43	44
k60_ecoli_50X_4-contigs	356	119	90	77	58	31	4599535	4564229	4492332	4386299	4081819	3097894	125	327718	4568331	4641652	50.76	50.79	78612	74322	42180	41373	18	19	39	40	0	0	0	0	0	0 + 0 part	0	98.251	1.002	0.00	0.90	0.00	327718	4568331	78612	74322	42180	41373	18	19	39	40
k66_ecoli_50X_4-contigs	341	116	87	75	58	31	4599824	4563791	4490695	4390518	4120790	3147585	122	327790	4568320	4641652	50.76	50.79	79520	79520	42192	41379	18	18	38	39	1	1	74988	0	0	0 + 0 part	0	98.301	1.001	0.00	1.23	0.00	327790	4568320	79520	79520	42192	41379	18	18	38	39
k72_ecoli_50X_4-contigs	332	112	84	73	58	32	4610007	4572313	4498713	4406305	4168651	3237740	117	327731	4576234	4641652	50.76	50.79	80518	80518	43565	42225	18	18	37	38	0	0	0	0	0	0 + 0 part	0	98.418	1.002	0.00	1.71	0.00	327731	4576231	80518	80518	43565	42225	18	18	37	38
k78_ecoli_50X_4-contigs	314	105	82	73	57	32	4607247	4568836	4508435	4434068	4178953	3296644	111	327737	4573272	4641652	50.76	50.79	80530	80530	45027	44594	17	17	35	36	0	0	0	0	0	0 + 0 part	0	98.412	1.001	0.00	1.14	0.00	327737	4573269	80530	80530	45027	44594	17	17	35	36
k84_ecoli_50X_4-contigs	284	102	79	73	55	31	4605749	4569956	4511398	4462444	4183863	3340366	109	327743	4574762	4641652	50.76	50.79	96034	82958	46208	42506	15	16	33	35	0	0	0	0	0	0 + 0 part	0	98.478	1.001	0.00	1.55	0.00	327743	4574759	96034	82958	46208	42503	15	16	33	35
k90_ecoli_50X_4-contigs	252	97	76	71	53	31	4604091	4573109	4517740	4478412	4199439	3437863	101	327749	4576030	4641652	50.75	50.79	97810	97810	53807	48961	15	15	31	32	0	0	0	0	0	0 + 0 part	0	98.479	1.001	0.00	1.75	0.00	327749	4576027	97810	97810	53807	48961	15	15	31	32
k96_ecoli_50X_4-contigs	226	91	70	65	50	30	4603628	4575347	4520705	4481341	4253397	3579317	94	327755	4577560	4641652	50.75	50.79	112783	112783	58026	55564	14	14	28	29	0	0	0	0	0	0 + 0 part	0	98.515	1.001	0.00	2.23	0.04	327755	4577560	112783	112783	58026	55564	14	14	28	29
k102_ecoli_100X_4-contigs	178	80	64	58	47	27	4636575	4613938	4567780	4523861	4358824	3684261	83	327797	4616010	4641652	50.76	50.79	133973	133973	64353	64353	12	12	24	24	0	0	0	0	0	0 + 0 part	0	98.903	1.006	0.00	2.51	0.04	327797	4616010	133973	133973	64353	64353	12	12	24	24
k108_ecoli_100X_4-contigs	179	79	63	57	46	28	4635774	4611936	4565639	4522213	4358090	3740660	83	327797	4614526	4641652	50.76	50.79	133973	133973	64353	64353	12	12	24	24	0	0	0	0	0	0 + 0 part	0	98.893	1.005	0.00	2.48	0.04	327797	4614526	133973	133973	64353	64353	12	12	24	24
k114_ecoli_100X_4-contigs	173	77	61	56	47	28	4637451	4612079	4566185	4530173	4394013	3748150	83	327797	4616377	4641652	50.76	50.79	133973	133973	64353	64353	12	12	24	24	0	0	0	0	0	0 + 0 part	0	98.910	1.006	0.00	1.61	0.00	327797	4616377	133973	133973	64353	64353	12	12	24	24
k120_ecoli_100X_4-contigs	167	75	60	55	46	29	4636684	4612927	4569061	4533483	4397227	3814593	78	327797	4615296	4641652	50.76	50.79	133973	133973	66775	66775	12	12	24	24	0	0	0	0	0	0 + 0 part	0	98.885	1.006	0.00	2.55	0.04	327797	4615296	133973	133973	66775	66775	12	12	24	24
k126_ecoli_100X_4-contigs	163	75	60	55	46	29	4636454	4612869	4567999	4533671	4397688	3814684	78	327785	4615238	4641652	50.76	50.79	133973	133973	66781	66781	12	12	24	24	0	0	0	0	0	0 + 0 part	0	98.892	1.005	0.00	2.59	0.04	327785	4615238	133973	133973	66781	66781	12	12	24	24
k30_ecoli_100X_4-contigs	560	144	113	95	61	31	4601379	4561094	4474526	4329896	3799161	2718262	153	204639	4567274	4641652	50.76	50.79	57842	57842	33681	33607	24	24	49	50	0	0	0	2	0	0 + 0 part	0	98.062	1.003	8.39	3.03	0.26	204639	4566979	57842	57842	33681	33607	24	24	49	50
k36_ecoli_100X_4-contigs	433	130	104	85	61	32	4608529	4571534	4501797	4357623	3989299	2929848	141	204645	4579651	4641652	50.77	50.79	65898	65484	39389	39167	21	22	44	45	0	0	0	5	0	0 + 0 part	0	98.285	1.004	2.60	3.11	0.22	204645	4579651	65898	65484	39389	39167	21	22	44	45
k42_ecoli_100X_4-contigs	359	113	91	80	59	32	4615468	4585179	4525458	4438469	4112700	3133721	121	204651	4590960	4641652	50.76	50.79	82824	82824	42318	42262	19	19	39	40	1	1	20600	3	0	0 + 0 part	0	98.513	1.004	0.07	3.28	0.22	204651	4590960	82824	82824	42318	42262	19	19	39	40
k48_ecoli_100X_4-contigs	332	106	86	76	53	32	4621548	4592291	4538186	4461336	4096608	3362123	111	270060	4595922	4641652	50.77	50.79	96181	95861	46173	45278	16	17	34	35	0	0	0	2	0	0 + 0 part	0	98.586	1.004	0.00	1.84	0.11	270060	4595922	96181	95861	46173	45278	16	17	34	35
k54_ecoli_100X_4-contigs	292	101	83	73	53	33	4623232	4595433	4547218	4473288	4164934	3475349	106	270460	4598600	4641652	50.77	50.79	95957	95957	53676	49544	16	16	33	34	0	0	0	1	0	0 + 0 part	0	98.623	1.005	0.02	1.81	0.11	270460	4598600	95957	95957	53676	49544	16	16	33	34
k60_ecoli_100X_4-contigs	276	96	79	69	52	32	4628159	4599808	4555751	4481105	4223118	3530595	102	328378	4603910	4641652	50.77	50.79	106366	106366	53796	53688	15	15	31	32	0	0	0	1	0	0 + 0 part	0	98.712	1.005	0.00	1.75	0.07	328378	4603910	106366	106366	53796	53688	15	15	31	32
k66_ecoli_100X_4-contigs	259	94	76	68	53	32	4628532	4599810	4551636	4490055	4262036	3545132	100	327790	4604339	4641652	50.77	50.79	106378	106378	53802	53802	15	15	31	31	0	0	0	1	0	0 + 0 part	0	98.737	1.005	0.00	1.83	0.02	327790	4604339	106378	106378	53802	53802	15	15	31	31
k72_ecoli_100X_4-contigs	249	91	74	66	53	31	4634741	4605046	4556750	4494578	4293526	3546790	96	327796	4608967	4641652	50.78	50.79	113967	112701	53946	53946	14	15	30	30	0	0	0	1	0	0 + 0 part	0	98.835	1.005	0.00	2.22	0.02	327796	4608967	113967	112701	53946	53946	14	15	30	30
k78_ecoli_100X_4-contigs	241	91	75	67	54	31	4633554	4603365	4556088	4493752	4293110	3516949	97	327797	4607801	4641652	50.77	50.79	113390	106402	53921	53724	14	15	30	31	0	0	0	0	0	0 + 0 part	0	98.817	1.005	0.00	1.81	0.00	327797	4607801	113390	106402	53921	53724	14	15	30	31
k84_ecoli_100X_4-contigs	222	89	72	66	53	31	4631800	4603466	4555640	4508331	4307425	3557862	96	327797	4608272	4641652	50.78	50.79	113390	106418	56011	56011	14	15	30	30	0	0	0	0	0	0 + 0 part	0	98.865	1.004	0.00	1.92	0.02	327797	4608272	113390	106418	56011	56011	14	15	30	30
k90_ecoli_100X_4-contigs	205	85	69	63	51	29	4636533	4610060	4566456	4522187	4346427	3602345	90	327797	4613975	4641652	50.77	50.79	125711	124104	59186	59186	13	14	27	27	0	0	0	0	0	0 + 0 part	0	98.896	1.005	0.00	1.90	0.00	327797	4613975	125711	124104	59186	59186	13	14	27	27
k96_ecoli_100X_4-contigs	189	84	67	61	50	30	4638109	4614691	4566860	4522947	4358005	3685166	87	327797	4616904	4641652	50.76	50.79	133670	133670	59186	59186	14	14	27	27	0	0	0	0	0	0 + 0 part	0	98.901	1.006	0.00	2.53	0.04	327797	4616904	133670	133670	59186	59186	14	14	27	27
k102_ecoli_200X_4-contigs	169	79	63	57	48	27	4639411	4618462	4571141	4527222	4390760	3685274	82	327797	4620534	4641652	50.77	50.79	133965	133965	64353	64353	12	12	24	24	0	0	0	0	0	0 + 0 part	0	98.999	1.006	0.00	2.48	0.04	327797	4620534	133965	133965	64353	64353	12	12	24	24
k108_ecoli_200X_4-contigs	164	77	61	55	46	28	4639858	4618848	4570893	4527021	4390541	3772559	81	327797	4621438	4641652	50.77	50.79	133965	133965	69113	64353	12	12	23	24	0	0	0	0	0	0 + 0 part	0	99.021	1.005	0.00	2.46	0.04	327797	4621438	133965	133965	69113	64353	12	12	23	24
k114_ecoli_200X_4-contigs	160	75	60	55	46	28	4640849	4618041	4571984	4535972	4399137	3782247	81	327797	4622339	4641652	50.77	50.79	133965	133965	69113	69113	12	12	23	23	0	0	0	0	0	0 + 0 part	0	99.035	1.006	0.00	1.61	0.00	327797	4622339	133965	133965	69113	69113	12	12	23	23
k120_ecoli_200X_4-contigs	148	69	58	53	44	29	4638650	4617905	4585422	4550453	4414001	3902836	72	327797	4620274	4641652	50.76	50.79	133965	133965	80392	69113	12	12	22	23	0	0	0	0	0	0 + 0 part	0	99.003	1.005	0.00	2.52	0.04	327797	4620274	133965	133965	80392	69113	12	12	22	23
k126_ecoli_200X_4-contigs	145	68	57	52	45	29	4638730	4617675	4584589	4550128	4453261	3902268	71	327797	4620044	4641652	50.76	50.79	133965	133965	80392	68605	12	12	22	23	0	0	0	0	0	0 + 0 part	0	98.979	1.006	0.00	2.57	0.09	327797	4620044	133965	133965	80392	68605	12	12	22	23
k30_ecoli_200X_4-contigs	508	132	103	88	58	30	4601181	4563584	4485149	4364147	3893779	2889783	141	269785	4569764	4641652	50.76	50.79	59920	59920	36331	35440	20	20	43	45	0	0	0	2	0	0 + 0 part	0	98.112	1.003	8.84	2.55	0.26	269785	4569568	59920	59920	36331	35440	20	20	43	45
k36_ecoli_200X_4-contigs	396	116	95	79	58	33	4609441	4575078	4518511	4396810	4071530	3152225	127	270096	4583057	4641652	50.78	50.79	74787	74318	42346	42312	19	20	40	41	0	0	0	4	0	0 + 0 part	0	98.332	1.004	2.25	3.37	0.22	270096	4583057	74787	74318	42346	42312	19	20	40	41
k42_ecoli_200X_4-contigs	336	104	85	76	55	32	4617605	4589398	4537489	4467600	4140483	3285709	111	270194	4594332	4641652	50.77	50.79	95807	88456	45839	45418	17	18	36	37	0	0	0	6	0	0 + 0 part	0	98.570	1.004	0.02	3.65	0.26	270194	4594332	95807	88456	45839	45418	17	18	36	37
k48_ecoli_200X_4-contigs	320	103	84	74	52	33	4622224	4594192	4543334	4466112	4118900	3441272	108	270060	4597823	4641652	50.77	50.79	96181	95861	49538	49538	16	17	34	34	0	0	0	3	0	0 + 0 part	0	98.624	1.004	0.33	2.16	0.13	270060	4597823	96181	95861	49538	49538	16	17	34	34
k54_ecoli_200X_4-contigs	279	97	80	70	53	34	4623173	4596430	4552298	4478107	4219068	3567990	102	270460	4599597	4641652	50.77	50.79	95957	95957	55882	53903	16	16	32	33	0	0	0	1	0	0 + 0 part	0	98.640	1.005	0.02	1.99	0.11	270460	4599597	95957	95957	55882	53903	16	16	32	33
k60_ecoli_200X_4-contigs	266	92	75	66	53	33	4628218	4600633	4556133	4489411	4289534	3610237	98	328378	4604735	4641652	50.77	50.79	106366	106366	55987	55987	15	15	31	31	0	0	0	1	0	0 + 0 part	0	98.726	1.005	0.00	1.92	0.07	328378	4604735	106366	106366	55987	55987	15	15	31	31
k66_ecoli_200X_4-contigs	253	92	74	66	53	33	4628661	4600757	4551925	4490294	4289947	3611658	98	327790	4605286	4641652	50.77	50.79	106378	106378	55993	55993	15	15	31	31	0	0	0	1	0	0 + 0 part	0	98.751	1.005	0.00	1.99	0.02	327790	4605286	106378	106378	55993	55993	15	15	31	31
k72_ecoli_200X_4-contigs	245	89	72	64	51	32	4635694	4606562	4557447	4495231	4293631	3655519	94	327796	4610483	4641652	50.78	50.79	113967	112701	58833	58833	14	15	29	29	0	0	0	1	0	0 + 0 part	0	98.867	1.005	0.00	2.20	0.02	327796	4610483	113967	112701	58833	58833	14	15	29	29
k78_ecoli_200X_4-contigs	236	88	72	65	52	32	4634477	4604610	4556804	4501301	4300111	3625715	94	327797	4609046	4641652	50.77	50.79	113390	106402	58833	58233	14	15	29	30	0	0	0	0	0	0 + 0 part	0	98.843	1.005	0.00	1.83	0.00	327797	4609046	113390	106402	58833	58233	14	15	29	30
k84_ecoli_200X_4-contigs	216	87	70	64	52	32	4632552	4605019	4556664	4509323	4318730	3635267	94	327797	4609825	4641652	50.78	50.79	113390	113390	58833	58239	14	14	29	30	0	0	0	0	0	0 + 0 part	0	98.900	1.004	0.00	1.92	0.02	327797	4609825	113390	113390	58833	58239	14	14	29	30
k90_ecoli_200X_4-contigs	193	81	66	60	51	29	4636946	4611975	4569491	4525222	4388901	3650028	86	327797	4615890	4641652	50.77	50.79	133670	133670	60310	59186	13	13	26	27	0	0	0	0	0	0 + 0 part	0	98.942	1.005	0.00	1.89	0.00	327797	4615890	133670	133670	60310	59186	13	13	26	27
k96_ecoli_200X_4-contigs	182	82	66	60	51	30	4639878	4617343	4570856	4526928	4390586	3685972	85	327797	4619556	4641652	50.77	50.79	133670	133670	59186	59186	14	14	27	27	0	0	0	0	0	0 + 0 part	0	98.962	1.006	0.00	2.50	0.04	327797	4619556	133670	133670	59186	59186	14	14	27	27
